{
  "kind": "disturbance_0p3",
  "completed": true,
  "rise_time_s": null,
  "overshoot_m": null,
  "settling_time_s": 9.610145007995015,
  "maximum_horizontal_offset_m": 0.3513319016298779,
  "final_error_m": 0.008975880602286131,
  "final_speed_m_s": 0.005619004827493543,
  "maximum_tilt_rad": 0.03389083332691506,
  "maximum_rpm": 10856.922598854364,
  "maximum_horizontal_acceleration_request_m_s2": 0.33415549964652397,
  "saturation_counts": {
    "horizontal": 0,
    "altitude": 0,
    "attitude": 0,
    "mixer": 0
  },
  "diagnostic_samples": 1161,
  "state_samples": 2322
}
