{
  "acceptance_failures": [],
  "actual_path_points": 1451,
  "actual_point_collision_observed": false,
  "actual_segment_collision_observed": false,
  "collision_observed": false,
  "collision_state_samples": 2903,
  "controller_saturation_count": 0,
  "environment_config": "src/drone_bringup/config/environment.yaml",
  "final_position_error_m": 0.0056245190732105805,
  "final_speed_m_s": 0.0024305422331233587,
  "goals": [
    [
      13.2,
      5.5,
      1.5,
      0.0
    ],
    [
      7.0,
      5.0,
      4.0,
      0.0
    ],
    [
      0.8,
      0.7,
      2.0,
      0.0
    ]
  ],
  "launch_to_complete_time_s": 142.40748863599583,
  "maximum_actual_speed_m_s": 1.0141091646285605,
  "maximum_motor_peak_difference_rpm": 782.8961268124185,
  "maximum_motor_rpm": 13067.535212862302,
  "maximum_reference_acceleration_m_s2": 0.3440516467650474,
  "maximum_reference_speed_m_s": 0.6331275072170484,
  "maximum_tracking_error_m": 0.02690921604016282,
  "minimum_clearance_m": 0.09466755824156259,
  "minimum_motor_rpm": 0.0,
  "mission_complete": true,
  "mission_complete_time_s": 142.40748863599583,
  "mission_config": "src/drone_bringup/config/multi_goal_mission.yaml",
  "mission_success": true,
  "motor_rpm_limit": 20000.0,
  "navigation_execution_time_s": 136.73021376299585,
  "navigation_start_time_s": 5.677274872999988,
  "nominal_speed_m_s": 0.35,
  "nonfinite_observed": false,
  "observed_goal_indices": [
    0,
    1,
    2
  ],
  "observed_visited_counts": [
    0,
    1,
    2,
    3
  ],
  "odom_samples": 29029,
  "passed": true,
  "post_complete_maximum_motor_rpm": 10824.718180870528,
  "post_complete_minimum_motor_rpm": 10813.742928844098,
  "ros_domain_id": 114,
  "rpm_samples": 14514,
  "runtime_error": null,
  "segments": [
    {
      "acceptance_position_error": 0.009285764720769309,
      "acceptance_speed": 0.0053823236982718506,
      "expanded_nodes": 15575,
      "final_waypoint_count": 18,
      "goal_index": 0,
      "goal_position": [
        13.2,
        5.5,
        1.5
      ],
      "initial_simplified_points": 9,
      "maximum_actual_speed": 0.5574161816567923,
      "maximum_motor_rpm": 11203.452863565393,
      "maximum_reference_acceleration": 0.3435995123277753,
      "maximum_reference_speed": 0.5524878487440931,
      "maximum_tracking_error": 0.02381722587932831,
      "minimum_clearance": 0.09466755824156259,
      "minimum_motor_rpm": 10420.556736752975,
      "raw_path_length": 20.95346511308777,
      "raw_path_length_from_log": 20.953465,
      "raw_path_points": 72,
      "reference_path_length": 20.60557701504491,
      "reference_path_points": 1257,
      "refinement_iterations": 3,
      "segment_accept_time": 69.40585395999369,
      "segment_elapsed_time": 63.728579086993705,
      "segment_start_time": 5.677274872999988,
      "selected_duration_scale": 1.0,
      "selected_velocity_scale": 1.0,
      "simplified_path_length": 20.1763283158194,
      "simplified_path_length_from_log": 20.176328,
      "simplified_path_points": 18,
      "trajectory_duration": 62.754,
      "validated_maximum_reference_acceleration": 0.343598,
      "validated_maximum_reference_speed": 0.552488
    },
    {
      "acceptance_position_error": 0.010242987863233223,
      "acceptance_speed": 0.0014450301527281903,
      "expanded_nodes": 7448,
      "final_waypoint_count": 5,
      "goal_index": 1,
      "goal_position": [
        7.0,
        5.0,
        4.0
      ],
      "initial_simplified_points": 5,
      "maximum_actual_speed": 0.6341763799125895,
      "maximum_motor_rpm": 10904.8944629616,
      "maximum_reference_acceleration": 0.3440516467650474,
      "maximum_reference_speed": 0.6331275072170484,
      "maximum_tracking_error": 0.02690921604016282,
      "minimum_clearance": 0.1397811515297358,
      "minimum_motor_rpm": 10731.434921656737,
      "raw_path_length": 14.962981661511707,
      "raw_path_length_from_log": 14.962982,
      "raw_path_points": 54,
      "reference_path_length": 13.47474406791895,
      "reference_path_points": 767,
      "refinement_iterations": 0,
      "segment_accept_time": 109.69149308399938,
      "segment_elapsed_time": 39.298311654005374,
      "segment_start_time": 70.393181429994,
      "selected_duration_scale": 1.0,
      "selected_velocity_scale": 0.25,
      "simplified_path_length": 13.403996296794446,
      "simplified_path_length_from_log": 13.403996,
      "simplified_path_points": 5,
      "trajectory_duration": 38.297,
      "validated_maximum_reference_acceleration": 0.344051,
      "validated_maximum_reference_speed": 0.633127
    },
    {
      "acceptance_position_error": 0.0109392077727626,
      "acceptance_speed": 0.003914185494809924,
      "expanded_nodes": 3921,
      "final_waypoint_count": 7,
      "goal_index": 2,
      "goal_position": [
        0.8,
        0.7,
        2.0
      ],
      "initial_simplified_points": 7,
      "maximum_actual_speed": 0.5051118390235785,
      "maximum_motor_rpm": 11011.010102065291,
      "maximum_reference_acceleration": 0.3256654393770969,
      "maximum_reference_speed": 0.4972872570431453,
      "maximum_tracking_error": 0.019930825918792704,
      "minimum_clearance": 0.2003044899315892,
      "minimum_motor_rpm": 10635.00788804344,
      "raw_path_length": 11.24091055058559,
      "raw_path_length_from_log": 11.240911,
      "raw_path_points": 39,
      "reference_path_length": 10.197067225194733,
      "reference_path_points": 626,
      "refinement_iterations": 0,
      "segment_accept_time": 142.40746163299627,
      "segment_elapsed_time": 32.20101726100256,
      "segment_start_time": 110.20644437199371,
      "selected_duration_scale": 1.1,
      "selected_velocity_scale": 1.0,
      "simplified_path_length": 9.927962650351516,
      "simplified_path_length_from_log": 9.927963,
      "simplified_path_points": 7,
      "trajectory_duration": 31.202,
      "validated_maximum_reference_acceleration": 0.325662,
      "validated_maximum_reference_speed": 0.497288
    }
  ],
  "setpoint_samples": 7257,
  "takeoff_start_time_s": 0.2838423109933501,
  "visited_goals": 3
}
