{
  "acceptance_failures": [],
  "actual_path_points": 1420,
  "actual_point_collision_observed": false,
  "actual_segment_collision_observed": false,
  "collision_observed": false,
  "collision_state_samples": 2840,
  "controller_saturation_count": 0,
  "environment_config": "src/drone_bringup/config/environment.yaml",
  "final_position_error_m": 0.00558957431236613,
  "final_speed_m_s": 0.0024208585192608137,
  "goals": [
    [
      13.2,
      5.5,
      1.5,
      0.0
    ],
    [
      7.0,
      5.0,
      4.0,
      0.0
    ],
    [
      0.8,
      0.7,
      2.0,
      0.0
    ]
  ],
  "launch_to_complete_time_s": 139.3091928329959,
  "maximum_actual_speed_m_s": 1.0141195275498318,
  "maximum_motor_peak_difference_rpm": 781.1496616244276,
  "maximum_motor_rpm": 13067.535212862302,
  "maximum_reference_acceleration_m_s2": 0.3440513879969954,
  "maximum_reference_speed_m_s": 0.6331274392238622,
  "maximum_tilt_rad": 0.039229585697495385,
  "maximum_tracking_error_m": 0.02632771050836179,
  "minimum_clearance_m": 0.0947382245345807,
  "minimum_motor_rpm": 0.0,
  "mission_complete": true,
  "mission_complete_time_s": 139.3091928329959,
  "mission_config": "src/drone_bringup/config/multi_goal_mission.yaml",
  "mission_success": true,
  "motor_rpm_limit": 20000.0,
  "navigation_execution_time_s": 135.31336206099513,
  "navigation_start_time_s": 3.9958307720007724,
  "nominal_speed_m_s": 0.35,
  "nonfinite_observed": false,
  "observed_goal_indices": [
    0,
    1,
    2
  ],
  "observed_visited_counts": [
    0,
    1,
    2,
    3
  ],
  "odom_samples": 28398,
  "passed": true,
  "post_complete_maximum_motor_rpm": 10824.715430813483,
  "post_complete_minimum_motor_rpm": 10813.749005750029,
  "ros_domain_id": 114,
  "rpm_samples": 14205,
  "runtime_error": null,
  "segments": [
    {
      "acceptance_position_error": 0.009251921991634313,
      "acceptance_speed": 0.005459129690961831,
      "expanded_nodes": 15575,
      "final_waypoint_count": 18,
      "goal_index": 0,
      "goal_position": [
        13.2,
        5.5,
        1.5
      ],
      "initial_simplified_points": 9,
      "maximum_actual_speed": 0.5574260271499125,
      "maximum_motor_rpm": 11202.605566903449,
      "maximum_reference_acceleration": 0.3435990909816656,
      "maximum_reference_speed": 0.5524880298066253,
      "maximum_tracking_error": 0.02400750108085166,
      "minimum_clearance": 0.0947382245345807,
      "minimum_motor_rpm": 10421.455905279021,
      "raw_path_length": 20.953551902377345,
      "raw_path_length_from_log": 20.953552,
      "raw_path_points": 72,
      "reference_path_length": 20.605581738629574,
      "reference_path_points": 1257,
      "refinement_iterations": 3,
      "segment_accept_time": 67.72868750299676,
      "segment_elapsed_time": 63.73285673099599,
      "segment_start_time": 3.9958307720007724,
      "selected_duration_scale": 1.0,
      "selected_velocity_scale": 1.0,
      "simplified_path_length": 20.176332806717934,
      "simplified_path_length_from_log": 20.176333,
      "simplified_path_points": 18,
      "trajectory_duration": 62.754,
      "validated_maximum_reference_acceleration": 0.343598,
      "validated_maximum_reference_speed": 0.552488
    },
    {
      "acceptance_position_error": 0.010248416621955787,
      "acceptance_speed": 0.001426211968856356,
      "expanded_nodes": 7448,
      "final_waypoint_count": 5,
      "goal_index": 1,
      "goal_position": [
        7.0,
        5.0,
        4.0
      ],
      "initial_simplified_points": 5,
      "maximum_actual_speed": 0.6341715805794005,
      "maximum_motor_rpm": 10905.13843641101,
      "maximum_reference_acceleration": 0.3440513879969954,
      "maximum_reference_speed": 0.6331274392238622,
      "maximum_tracking_error": 0.02632771050836179,
      "minimum_clearance": 0.13978008804788863,
      "minimum_motor_rpm": 10731.1999459807,
      "raw_path_length": 14.962985377605085,
      "raw_path_length_from_log": 14.962985,
      "raw_path_points": 54,
      "reference_path_length": 13.474751007797714,
      "reference_path_points": 767,
      "refinement_iterations": 0,
      "segment_accept_time": 107.04919607500051,
      "segment_elapsed_time": 39.267598890000954,
      "segment_start_time": 67.78159718499955,
      "selected_duration_scale": 1.0,
      "selected_velocity_scale": 0.25,
      "simplified_path_length": 13.404003208292204,
      "simplified_path_length_from_log": 13.404003,
      "simplified_path_points": 5,
      "trajectory_duration": 38.297,
      "validated_maximum_reference_acceleration": 0.344051,
      "validated_maximum_reference_speed": 0.633127
    },
    {
      "acceptance_position_error": 0.010981480561827137,
      "acceptance_speed": 0.003770428756521354,
      "expanded_nodes": 3921,
      "final_waypoint_count": 7,
      "goal_index": 2,
      "goal_position": [
        0.8,
        0.7,
        2.0
      ],
      "initial_simplified_points": 7,
      "maximum_actual_speed": 0.5051093378757828,
      "maximum_motor_rpm": 11011.034869779996,
      "maximum_reference_acceleration": 0.3256639668374027,
      "maximum_reference_speed": 0.49728743277316423,
      "maximum_tracking_error": 0.021604314768400378,
      "minimum_clearance": 0.20031181215077049,
      "minimum_motor_rpm": 10634.971160922847,
      "raw_path_length": 11.24090944204385,
      "raw_path_length_from_log": 11.240909,
      "raw_path_points": 39,
      "reference_path_length": 10.19706851981503,
      "reference_path_points": 626,
      "refinement_iterations": 0,
      "segment_accept_time": 139.3091695289986,
      "segment_elapsed_time": 32.21674794700084,
      "segment_start_time": 107.09242158199777,
      "selected_duration_scale": 1.1,
      "selected_velocity_scale": 1.0,
      "simplified_path_length": 9.92796396063156,
      "simplified_path_length_from_log": 9.927964,
      "simplified_path_points": 7,
      "trajectory_duration": 31.202,
      "validated_maximum_reference_acceleration": 0.325662,
      "validated_maximum_reference_speed": 0.497288
    }
  ],
  "setpoint_samples": 7100,
  "takeoff_start_time_s": 0.32722822399955476,
  "visited_goals": 3
}
