{
  "scenario": "release",
  "force_n": 0.3,
  "parameters": {
    "enabled": true,
    "ki": 0.15,
    "kaw": 2.0,
    "limit_m_s2": 0.35,
    "capture_radius_m": 0.5,
    "reset_distance_m": 1.0
  },
  "dynamics_mass_kg": 1.0,
  "maximum_horizontal_offset_m": 0.4849726009235412,
  "recovery_time_s": 5.505403415998444,
  "reverse_overshoot_m": 0.1585703145373999,
  "final_position_error_m": 0.00309292784051948,
  "final_horizontal_error_m": 0.003092927840511327,
  "final_speed_m_s": 0.0037329938105987097,
  "final_altitude_m": 1.5000000071017527,
  "last_3s_average_error_m": 0.011092933678369016,
  "last_3s_maximum_error_m": 0.023267636824095352,
  "last_3s_average_speed_m_s": 0.00673449685314096,
  "last_3s_average_integral_x_m_s2": 0.0009341072057619718,
  "peak_integral_acceleration_m_s2": 0.35,
  "maximum_tilt_rad": 0.03877213332168368,
  "maximum_rpm": 10916.067348222143,
  "saturation_counts": {
    "horizontal": 0,
    "altitude": 0,
    "attitude": 0,
    "mixer": 0
  },
  "anti_windup_samples": 1600,
  "integral_reset_samples": 0,
  "sample_count": 4201,
  "error": null
}
