{
  "kind": "horizontal_step",
  "completed": true,
  "rise_time_s": 6.090694389997225,
  "overshoot_m": 0.0,
  "settling_time_s": 11.805327948997729,
  "maximum_horizontal_offset_m": 1.9863927180119103,
  "final_error_m": 0.013607281988265007,
  "final_speed_m_s": 0.0053758288341591,
  "maximum_tilt_rad": 0.10934335981725109,
  "maximum_rpm": 12017.134229070916,
  "maximum_horizontal_acceleration_request_m_s2": 0.8,
  "saturation_counts": {
    "horizontal": 0,
    "altitude": 0,
    "attitude": 0,
    "mixer": 0
  },
  "diagnostic_samples": 1380,
  "state_samples": 2761
}
