{
  "scenario": "persistent",
  "force_n": 0.3,
  "parameters": {
    "enabled": true,
    "ki": 0.15,
    "kaw": 1.0,
    "limit_m_s2": 0.35,
    "capture_radius_m": 0.5,
    "reset_distance_m": 1.0
  },
  "dynamics_mass_kg": 1.0,
  "maximum_horizontal_offset_m": 0.48497467212714934,
  "recovery_time_s": null,
  "reverse_overshoot_m": 0.0,
  "final_position_error_m": 0.06325034950208164,
  "final_horizontal_error_m": 0.06325034946347621,
  "final_speed_m_s": 0.01769855289674873,
  "final_altitude_m": 1.499997790109981,
  "last_3s_average_error_m": 0.08195173102378589,
  "last_3s_maximum_error_m": 0.08910615433636838,
  "last_3s_average_speed_m_s": 0.01058517368591117,
  "last_3s_average_integral_x_m_s2": -0.313611159537081,
  "peak_integral_acceleration_m_s2": 0.35,
  "maximum_tilt_rad": 0.03877210287213892,
  "maximum_rpm": 10852.448800526889,
  "saturation_counts": {
    "horizontal": 0,
    "altitude": 0,
    "attitude": 0,
    "mixer": 0
  },
  "anti_windup_samples": 0,
  "integral_reset_samples": 0,
  "sample_count": 3202,
  "error": null
}
