{
  "kind": "diagonal_step",
  "completed": true,
  "rise_time_s": 4.885311477999494,
  "overshoot_m": 0.0,
  "settling_time_s": 9.175103256005968,
  "maximum_horizontal_offset_m": 2.2276501931064465,
  "final_error_m": 0.008417784420517481,
  "final_speed_m_s": 0.005468128269989727,
  "maximum_tilt_rad": 0.11813830352683923,
  "maximum_rpm": 12580.657672815812,
  "maximum_horizontal_acceleration_request_m_s2": 0.894427190999916,
  "saturation_counts": {
    "horizontal": 0,
    "altitude": 0,
    "attitude": 0,
    "mixer": 0
  },
  "diagnostic_samples": 1118,
  "state_samples": 2235
}
