{
  "scenario": "bias",
  "force_n": 0.3,
  "parameters": {
    "enabled": true,
    "ki": 0.15,
    "kaw": 2.0,
    "limit_m_s2": 0.35,
    "capture_radius_m": 0.5,
    "reset_distance_m": 1.0
  },
  "dynamics_mass_kg": 1.0,
  "maximum_horizontal_offset_m": 0.4849750627945161,
  "recovery_time_s": null,
  "reverse_overshoot_m": 0.0,
  "final_position_error_m": 0.06323723858704935,
  "final_horizontal_error_m": 0.06323723854210204,
  "final_speed_m_s": 0.019197524262379376,
  "final_altitude_m": 1.4999976157418662,
  "last_3s_average_error_m": 0.08195472220663041,
  "last_3s_maximum_error_m": 0.08910713133250618,
  "last_3s_average_speed_m_s": 0.010595593131411092,
  "last_3s_average_integral_x_m_s2": -0.31364489685897856,
  "peak_integral_acceleration_m_s2": 0.35,
  "maximum_tilt_rad": 0.03877501256467428,
  "maximum_rpm": 10854.15386395646,
  "saturation_counts": {
    "horizontal": 0,
    "altitude": 0,
    "attitude": 0,
    "mixer": 0
  },
  "anti_windup_samples": 0,
  "integral_reset_samples": 0,
  "sample_count": 3202,
  "error": null
}
