{
  "target_position": [
    0.0,
    0.0,
    1.5
  ],
  "disturbance_force_n": {
    "vector": [
      0.8,
      0.0,
      0.0
    ],
    "magnitude": 0.8
  },
  "disturbance_duration_s": 2.0,
  "baseline_position_error_m": 0.0014241139956070476,
  "maximum_position_error_m": 2.0877712255511502,
  "maximum_horizontal_displacement_m": 2.0877712255484484,
  "maximum_vertical_error_m": 0.0002907800077815992,
  "maximum_speed_m_s": 0.9227214712843136,
  "maximum_roll_rad": 1.6966702345842872e-16,
  "maximum_pitch_rad": 0.04231108781242656,
  "maximum_motor_rpm": 10910.5910438007,
  "minimum_active_motor_rpm": 10726.087510485628,
  "controller_saturation_count": 5,
  "recovery_time_s": 10.679879160999917,
  "final_position_error_m": 0.00648237057671544,
  "final_speed_m_s": 0.004516064627145183,
  "nonfinite_observed": false,
  "attitude_divergence_observed": false,
  "passed": false,
  "sample_count": 4909,
  "health_errors": [],
  "recovery_definition": "first continuous 1.0 s with error <0.05 m and speed <0.03 m/s"
}
