{
  "kind": "horizontal_step",
  "completed": true,
  "rise_time_s": 6.085453359002713,
  "overshoot_m": 0.0,
  "settling_time_s": 11.805301378997683,
  "maximum_horizontal_offset_m": 1.986386095157021,
  "final_error_m": 0.013613904843155148,
  "final_speed_m_s": 0.0053784449599691055,
  "maximum_tilt_rad": 0.10567914752388281,
  "maximum_rpm": 12017.121171148048,
  "maximum_horizontal_acceleration_request_m_s2": 0.8,
  "saturation_counts": {
    "horizontal": 0,
    "altitude": 0,
    "attitude": 0,
    "mixer": 0
  },
  "diagnostic_samples": 1380,
  "state_samples": 2761
}
