{
  "scenario": "persistent",
  "force_n": 0.3,
  "parameters": {
    "enabled": true,
    "ki": 0.1,
    "kaw": 1.0,
    "limit_m_s2": 0.35,
    "capture_radius_m": 0.5,
    "reset_distance_m": 1.0
  },
  "dynamics_mass_kg": 1.0,
  "maximum_horizontal_offset_m": 0.5327283531622978,
  "recovery_time_s": null,
  "reverse_overshoot_m": 0.0,
  "final_position_error_m": 0.5054128495413592,
  "final_horizontal_error_m": 0.5054128495413555,
  "final_speed_m_s": 0.0016655367434044574,
  "final_altitude_m": 1.4999999378068432,
  "last_3s_average_error_m": 0.5059094957346609,
  "last_3s_maximum_error_m": 0.5067652477123332,
  "last_3s_average_speed_m_s": 0.000452349569103301,
  "last_3s_average_integral_x_m_s2": -0.09793709215101425,
  "peak_integral_acceleration_m_s2": 0.09793709215101494,
  "maximum_tilt_rad": 0.03760281672155408,
  "maximum_rpm": 10854.660636615125,
  "saturation_counts": {
    "horizontal": 0,
    "altitude": 0,
    "attitude": 0,
    "mixer": 0
  },
  "anti_windup_samples": 0,
  "integral_reset_samples": 0,
  "sample_count": 3201,
  "error": null
}
