{
  "kind": "disturbance_0p3",
  "completed": true,
  "rise_time_s": null,
  "overshoot_m": null,
  "settling_time_s": 9.655030916001124,
  "maximum_horizontal_offset_m": 0.34862495025956364,
  "final_error_m": 0.009307045736045724,
  "final_speed_m_s": 0.00561303580518366,
  "maximum_tilt_rad": 0.03368041144181015,
  "maximum_rpm": 10856.840441614828,
  "maximum_horizontal_acceleration_request_m_s2": 0.33208368451083214,
  "saturation_counts": {
    "horizontal": 0,
    "altitude": 0,
    "attitude": 0,
    "mixer": 0
  },
  "diagnostic_samples": 1166,
  "state_samples": 2332
}
