{
  "schema_version": 3,
  "actual": [
    [
      0.0,
      0.0,
      0.0
    ],
    [
      0.0,
      0.0,
      0.0
    ],
    [
      0.0,
      0.0,
      0.0
    ],
    [
      0.0,
      0.0,
      0.0
    ],
    [
      0.0,
      0.0,
      0.0
    ],
    [
      0.0,
      0.0,
      0.0
    ],
    [
      0.0,
      0.0,
      0.0
    ],
    [
      0.0,
      0.0,
      0.0
    ],
    [
      0.0,
      0.0,
      0.0
    ],
    [
      0.0,
      0.0,
      0.0
    ],
    [
      0.0,
      0.0,
      2.1562256107146058e-05
    ],
    [
      0.0,
      0.0,
      0.012183600741052871
    ],
    [
      0.0,
      0.0,
      0.05676281261239701
    ],
    [
      0.0,
      0.0,
      0.12889287598692553
    ],
    [
      0.0,
      0.0,
      0.21839068027749578
    ],
    [
      0.0,
      0.0,
      0.31678842056213824
    ],
    [
      0.0,
      0.0,
      0.41800998355275615
    ],
    [
      0.0,
      0.0,
      0.5179371873470208
    ],
    [
      0.0,
      0.0,
      0.6139039673143203
    ],
    [
      0.0,
      0.0,
      0.7042871078309565
    ],
    [
      0.0,
      0.0,
      0.7881987027999195
    ],
    [
      0.0,
      0.0,
      0.8652602036741367
    ],
    [
      0.0,
      0.0,
      0.9354381696459443
    ],
    [
      0.0,
      0.0,
      0.9989258735884868
    ],
    [
      0.0,
      0.0,
      1.05605873101134
    ],
    [
      0.0,
      0.0,
      1.1072545462002463
    ],
    [
      0.0,
      0.0,
      1.1529718766038866
    ],
    [
      0.0,
      0.0,
      1.193681552715147
    ],
    [
      0.0,
      0.0,
      1.2298476899327844
    ],
    [
      0.0,
      0.0,
      1.2619154974218654
    ],
    [
      0.0,
      0.0,
      1.290303908699149
    ],
    [
      0.0,
      0.0,
      1.315401591955049
    ],
    [
      0.0,
      0.0,
      1.3375652922229242
    ],
    [
      0.0,
      0.0,
      1.357119747987263
    ],
    [
      0.0,
      0.0,
      1.3743586383528954
    ],
    [
      0.0,
      0.0,
      1.389546173404178
    ],
    [
      0.0,
      0.0,
      1.4029190547150707
    ],
    [
      0.0,
      0.0,
      1.4146886161692718
    ],
    [
      0.0,
      0.0,
      1.425043015509652
    ],
    [
      0.0,
      0.0,
      1.4341493904321398
    ],
    [
      0.0,
      0.0,
      1.442155924066597
    ],
    [
      0.0,
      0.0,
      1.449193786668968
    ],
    [
      0.0,
      0.0,
      1.4553789357376985
    ],
    [
      0.0,
      0.0,
      1.4608137673706068
    ],
    [
      0.0,
      0.0,
      1.4655886188257246
    ],
    [
      0.0,
      0.0,
      1.4697831269172084
    ],
    [
      0.0,
      0.0,
      1.4734674497800992
    ],
    [
      0.0,
      0.0,
      1.4767033611972853
    ],
    [
      0.0,
      0.0,
      1.4795452274780758
    ],
    [
      0.0,
      0.0,
      1.4820408770851403
    ],
    [
      0.0,
      0.0,
      1.4842323730230083
    ],
    [
      0.0,
      0.0,
      1.4861566975683131
    ],
    [
      0.0,
      0.0,
      1.4878463583395407
    ],
    [
      0.0,
      0.0,
      1.4893299240423334
    ],
    [
      0.0,
      0.0,
      1.4906324975335579
    ],
    [
      0.0,
      0.0,
      1.491776133155865
    ],
    [
      0.0,
      0.0,
      1.4927802046255148
    ],
    [
      0.0,
      0.0,
      1.493661729122871
    ],
    [
      0.0,
      0.0,
      1.4944356526446902
    ],
    [
      0.0,
      0.0,
      1.49511510113362
    ],
    [
      0.0,
      0.0,
      1.4957116014040444
    ],
    [
      0.0,
      0.0,
      1.496235275433623
    ],
    [
      0.0,
      0.0,
      1.4966950111844923
    ],
    [
      0.0,
      0.0,
      1.4970986127544255
    ],
    [
      0.0,
      0.0,
      1.4974529323331742
    ],
    [
      0.0,
      0.0,
      1.4977639861494936
    ],
    [
      0.0,
      0.0,
      1.4980370563368208
    ],
    [
      0.0,
      0.0,
      1.4982767804170698
    ],
    [
      0.0,
      0.0,
      1.4984872298996552
    ],
    [
      0.0,
      0.0,
      1.4986719793138736
    ],
    [
      0.0,
      0.0,
      1.4988341668346457
    ],
    [
      0.0,
      0.0,
      1.4989765475221175
    ],
    [
      0.0,
      0.0,
      1.4991015400725456
    ],
    [
      0.0,
      0.0,
      1.499211267869506
    ],
    [
      0.0,
      0.0,
      1.4993075950289494
    ],
    [
      5.956000034301602e-06,
      2.9996127702346836e-06,
      1.4993650559569873
    ],
    [
      0.0009886830718493227,
      0.0004967484345191403,
      1.49923048426761
    ],
    [
      0.0076349255471525445,
      0.0038320510329607994,
      1.4988269019063418
    ],
    [
      0.023243182490290386,
      0.011654397272809288,
      1.498358869400555
    ],
    [
      0.045664009002176514,
      0.02287485832935441,
      1.4980754870612063
    ],
    [
      0.07242720940041766,
      0.03625907019854457,
      1.4979691072873265
    ],
    [
      0.10381261768520739,
      0.05195717080613642,
      1.4979265378241056
    ],
    [
      0.14002293939073443,
      0.07006989389780388,
      1.4979460205050814
    ],
    [
      0.17969228279312283,
      0.08990841062502457,
      1.498039389278104
    ],
    [
      0.22172512623451532,
      0.11092613161265175,
      1.498175125318973
    ],
    [
      0.26605535512978,
      0.13309369798253218,
      1.4983197760722498
    ],
    [
      0.3124790927346957,
      0.15630836674242338,
      1.4984685324508038
    ],
    [
      0.36027613614674936,
      0.18020801196983516,
      1.4986190348887218
    ],
    [
      0.4089312944319566,
      0.20453578854681967,
      1.4987638159685548
    ],
    [
      0.4583012091891286,
      0.22922128253955745,
      1.4988977499794194
    ],
    [
      0.5081614210324193,
      0.2541518100326526,
      1.4990204548390271
    ],
    [
      0.5581329597699235,
      0.2791372349430949,
      1.4991317953797936
    ],
    [
      0.6079543458132949,
      0.30404720786515743,
      1.4992317412689418
    ],
    [
      0.6575004192024343,
      0.3288195758498773,
      1.4993208760991827
    ],
    [
      0.7066124477748343,
      0.35337476422006436,
      1.4993999594462664
    ],
    [
      0.7550948090633601,
      0.3776147719786265,
      1.4994697606087433
    ],
    [
      0.802813344782858,
      0.4014727066460626,
      1.499531370464947
    ],
    [
      0.8496863818781462,
      0.4249078748895421,
      1.4995858101234694
    ],
    [
      0.8956227882505948,
      0.4478746262960968,
      1.4996337873131247
    ],
    [
      0.9405287869295066,
      0.470326027113674,
      1.499676003872895
    ],
    [
      0.9843418533510235,
      0.4922309002968151,
      1.4997132744855848
    ],
    [
      1.0270215050045726,
      0.5135690533759233,
      1.4997462604930167
    ],
    [
      1.0685271928187141,
      0.534320181773988,
      1.4997754235583218
    ],
    [
      1.1088232849954804,
      0.5544664645700531,
      1.4998012162032777
    ],
    [
      1.1478900135367456,
      0.5739980558106738,
      1.499824104337253
    ],
    [
      1.1857178616336699,
      0.5929102146206449,
      1.4998444530497785
    ],
    [
      1.2222997442034342,
      0.6111993895246416,
      1.499862535447968
    ],
    [
      1.2576334629508448,
      0.628864484858715,
      1.4998786146628826
    ],
    [
      1.2917248721053327,
      0.6459084445238321,
      1.4998929422073506
    ],
    [
      1.3245849374965777,
      0.6623367582350299,
      1.4999057178264552
    ],
    [
      1.3562269330223795,
      0.678156061088947,
      1.499917102345111
    ],
    [
      1.386667407233414,
      0.6933746309030461,
      1.4999272480051495
    ],
    [
      1.4159268877662898,
      0.7080027387217241,
      1.4999362947506447
    ],
    [
      1.4440284262995364,
      0.7220519130848952,
      1.4999443580203693
    ],
    [
      1.4709965416269504,
      0.735534413300331,
