{
  "kind": "horizontal_step",
  "completed": true,
  "rise_time_s": 4.87513209899771,
  "overshoot_m": 0.0,
  "settling_time_s": 9.096371799001645,
  "maximum_horizontal_offset_m": 1.9920649735880878,
  "final_error_m": 0.007935026412469444,
  "final_speed_m_s": 0.005440579620905134,
  "maximum_tilt_rad": 0.05453423418352399,
  "maximum_rpm": 11432.195082390428,
  "maximum_horizontal_acceleration_request_m_s2": 0.4,
  "saturation_counts": {
    "horizontal": 83,
    "altitude": 0,
    "attitude": 0,
    "mixer": 0
  },
  "diagnostic_samples": 1110,
  "state_samples": 2220
}
