{
  "kind": "diagonal_step",
  "completed": true,
  "rise_time_s": 6.085153159001493,
  "overshoot_m": 0.0,
  "settling_time_s": 12.08506255300017,
  "maximum_horizontal_offset_m": 2.222467458169212,
  "final_error_m": 0.013600519348477648,
  "final_speed_m_s": 0.005373179243068794,
  "maximum_tilt_rad": 0.11816147434192971,
  "maximum_rpm": 12580.863525592495,
  "maximum_horizontal_acceleration_request_m_s2": 0.894427190999916,
  "saturation_counts": {
    "horizontal": 0,
    "altitude": 0,
    "attitude": 0,
    "mixer": 0
  },
  "diagnostic_samples": 1409,
  "state_samples": 2817
}
