{
  "scenario": "short",
  "force_n": 0.8,
  "parameters": {
    "enabled": true,
    "ki": 0.15,
    "kaw": 2.0,
    "limit_m_s2": 0.35,
    "capture_radius_m": 0.5,
    "reset_distance_m": 1.0
  },
  "dynamics_mass_kg": 1.0,
  "maximum_horizontal_offset_m": 0.9369995682901497,
  "recovery_time_s": null,
  "reverse_overshoot_m": 0.09726163776008193,
  "final_position_error_m": 0.04183408215356615,
  "final_horizontal_error_m": 0.041834082146151426,
  "final_speed_m_s": 0.03691909385830593,
  "final_altitude_m": 1.5000007876395847,
  "last_3s_average_error_m": 0.07978059453142378,
  "last_3s_maximum_error_m": 0.09726163776008193,
  "last_3s_average_speed_m_s": 0.02643659239031815,
  "last_3s_average_integral_x_m_s2": 0.01038860072078613,
  "peak_integral_acceleration_m_s2": 0.10687295108717564,
  "maximum_tilt_rad": 0.0821283556349657,
  "maximum_rpm": 10912.910164225157,
  "saturation_counts": {
    "horizontal": 154,
    "altitude": 0,
    "attitude": 0,
    "mixer": 0
  },
  "anti_windup_samples": 1044,
  "integral_reset_samples": 0,
  "sample_count": 2602,
  "error": null
}
