{
  "scenario": "persistent",
  "force_n": 0.3,
  "parameters": {
    "enabled": true,
    "ki": 0.05,
    "kaw": 1.0,
    "limit_m_s2": 0.35,
    "capture_radius_m": 0.5,
    "reset_distance_m": 1.0
  },
  "dynamics_mass_kg": 1.0,
  "maximum_horizontal_offset_m": 0.642253457335001,
  "recovery_time_s": null,
  "reverse_overshoot_m": 0.0,
  "final_position_error_m": 0.642246060357652,
  "final_horizontal_error_m": 0.6422460603576515,
  "final_speed_m_s": 0.0014793954700215296,
  "final_altitude_m": 1.5000000249585321,
  "last_3s_average_error_m": 0.6421656250501327,
  "last_3s_maximum_error_m": 0.642253457335001,
  "last_3s_average_speed_m_s": 9.613708131908428e-05,
  "last_3s_average_integral_x_m_s2": -0.04309091361503445,
  "peak_integral_acceleration_m_s2": 0.04309091361503409,
  "maximum_tilt_rad": 0.03640232391861095,
  "maximum_rpm": 10852.441277111348,
  "saturation_counts": {
    "horizontal": 0,
    "altitude": 0,
    "attitude": 0,
    "mixer": 0
  },
  "anti_windup_samples": 0,
  "integral_reset_samples": 0,
  "sample_count": 3201,
  "error": null
}
