{
  "kind": "diagonal_step",
  "completed": true,
  "rise_time_s": 4.889978961000452,
  "overshoot_m": 0.0,
  "settling_time_s": 9.18008676500176,
  "maximum_horizontal_offset_m": 2.227638302803149,
  "final_error_m": 0.008429674717992665,
  "final_speed_m_s": 0.005475487861461313,
  "maximum_tilt_rad": 0.10891693341426816,
  "maximum_rpm": 12406.223735903066,
  "maximum_horizontal_acceleration_request_m_s2": 0.8,
  "saturation_counts": {
    "horizontal": 21,
    "altitude": 0,
    "attitude": 0,
    "mixer": 0
  },
  "diagnostic_samples": 1118,
  "state_samples": 2236
}
