{
  "scenario": "short",
  "force_n": 0.3,
  "parameters": {
    "enabled": true,
    "ki": 0.15,
    "kaw": 2.0,
    "limit_m_s2": 0.35,
    "capture_radius_m": 0.5,
    "reset_distance_m": 1.0
  },
  "dynamics_mass_kg": 1.0,
  "maximum_horizontal_offset_m": 0.33211172331622457,
  "recovery_time_s": 8.795159198001784,
  "reverse_overshoot_m": 0.12274597197350945,
  "final_position_error_m": 0.03428248807886393,
  "final_horizontal_error_m": 0.03428248807883342,
  "final_speed_m_s": 0.0005412035181262877,
  "final_altitude_m": 1.5000000457398182,
  "last_3s_average_error_m": 0.025379119587184657,
  "last_3s_maximum_error_m": 0.05660707598996901,
  "last_3s_average_speed_m_s": 0.03038102616709848,
  "last_3s_average_integral_x_m_s2": 0.02147130116480161,
  "peak_integral_acceleration_m_s2": 0.14219582998103006,
  "maximum_tilt_rad": 0.035700752029760176,
  "maximum_rpm": 10859.373944339695,
  "saturation_counts": {
    "horizontal": 0,
    "altitude": 0,
    "attitude": 0,
    "mixer": 0
  },
  "anti_windup_samples": 590,
  "integral_reset_samples": 0,
  "sample_count": 2603,
  "error": null
}
