{
  "results": [
    {
      "scenario": "short",
      "force_n": 0.3,
      "parameters": {
        "enabled": true,
        "ki": 0.15,
        "kaw": 0.5,
        "limit_m_s2": 0.35,
        "capture_radius_m": 0.5,
        "reset_distance_m": 1.0
      },
      "dynamics_mass_kg": 1.0,
      "maximum_horizontal_offset_m": 0.331455384027302,
      "recovery_time_s": null,
      "reverse_overshoot_m": 0.17050077452742346,
      "final_position_error_m": 0.01881278563180184,
      "final_horizontal_error_m": 0.018812785631676106,
      "final_speed_m_s": 0.03799218031429061,
      "final_altitude_m": 1.4999999312192231,
      "last_3s_average_error_m": 0.05630492373142581,
      "last_3s_maximum_error_m": 0.13049194507328682,
      "last_3s_average_speed_m_s": 0.049763035571114736,
      "last_3s_average_integral_x_m_s2": 0.034870572901959544,
      "peak_integral_acceleration_m_s2": 0.141860086020333,
      "maximum_tilt_rad": 0.03567238107989585,
      "maximum_rpm": 10859.06838887671,
      "saturation_counts": {
        "horizontal": 0,
        "altitude": 0,
        "attitude": 0,
        "mixer": 0
      },
      "anti_windup_samples": 672,
      "integral_reset_samples": 0,
      "sample_count": 2602,
      "error": null,
      "ros_domain_id": 140,
      "returncode": 0
    },
    {
      "scenario": "short",
      "force_n": 0.8,
      "parameters": {
        "enabled": true,
        "ki": 0.15,
        "kaw": 0.5,
        "limit_m_s2": 0.35,
        "capture_radius_m": 0.5,
        "reset_distance_m": 1.0
      },
      "dynamics_mass_kg": 1.0,
      "maximum_horizontal_offset_m": 0.9336696661867651,
      "recovery_time_s": null,
      "reverse_overshoot_m": 0.14036578651277767,
      "final_position_error_m": 0.09189805053858366,
      "final_horizontal_error_m": 0.09189805053481077,
      "final_speed_m_s": 0.042303481453372975,
      "final_altitude_m": 1.5000008327315721,
      "last_3s_average_error_m": 0.12480726300946855,
      "last_3s_maximum_error_m": 0.14036578651277767,
      "last_3s_average_speed_m_s": 0.028457273551746678,
      "last_3s_average_integral_x_m_s2": -0.011005495234054901,
      "peak_integral_acceleration_m_s2": 0.11322660243914558,
      "maximum_tilt_rad": 0.0821283556349657,
      "maximum_rpm": 10917.019065718998,
      "saturation_counts": {
        "horizontal": 162,
        "altitude": 0,
        "attitude": 0,
        "mixer": 0
      },
      "anti_windup_samples": 736,
      "integral_reset_samples": 0,
      "sample_count": 2602,
      "error": null,
      "ros_domain_id": 141,
      "returncode": 0
    },
    {
      "scenario": "short",
      "force_n": 0.3,
      "parameters": {
        "enabled": true,
        "ki": 0.15,
        "kaw": 1.0,
        "limit_m_s2": 0.35,
        "capture_radius_m": 0.5,
        "reset_distance_m": 1.0
      },
      "dynamics_mass_kg": 1.0,
      "maximum_horizontal_offset_m": 0.3314548634287642,
      "recovery_time_s": null,
      "reverse_overshoot_m": 0.14461175593098632,
      "final_position_error_m": 0.03611261864398693,
      "final_horizontal_error_m": 0.036112618642778954,
      "final_speed_m_s": 0.01700270687342317,
      "final_altitude_m": 1.499999704624772,
      "last_3s_average_error_m": 0.03455386377987804,
      "last_3s_maximum_error_m": 0.08845394676800343,
      "last_3s_average_speed_m_s": 0.04160300671707118,
      "last_3s_average_integral_x_m_s2": 0.03145716529149391,
      "peak_integral_acceleration_m_s2": 0.141860696134886,
      "maximum_tilt_rad": 0.03568881975712588,
      "maximum_rpm": 10857.211630235242,
      "saturation_counts": {
        "horizontal": 0,
        "altitude": 0,
        "attitude": 0,
        "mixer": 0
      },
      "anti_windup_samples": 660,
      "integral_reset_samples": 0,
      "sample_count": 2602,
      "error": null,
      "ros_domain_id": 142,
      "returncode": 0
    },
    {
      "scenario": "short",
      "force_n": 0.8,
      "parameters": {
        "enabled": true,
        "ki": 0.15,
        "kaw": 1.0,
        "limit_m_s2": 0.35,
        "capture_radius_m": 0.5,
        "reset_distance_m": 1.0
      },
      "dynamics_mass_kg": 1.0,
      "maximum_horizontal_offset_m": 0.9355567569840161,
      "recovery_time_s": null,
      "reverse_overshoot_m": 0.11380605076441594,
      "final_position_error_m": 0.06527653485197851,
      "final_horizontal_error_m": 0.06527653484619132,
      "final_speed_m_s": 0.03879039238303154,
      "final_altitude_m": 1.5000008692156088,
      "last_3s_average_error_m": 0.09800155636951098,
      "last_3s_maximum_error_m": 0.11380605076441594,
      "last_3s_average_speed_m_s": 0.028091158870970658,
      "last_3s_average_integral_x_m_s2": -0.00021893188481409692,
      "peak_integral_acceleration_m_s2": 0.10707962718194539,
      "maximum_tilt_rad": 0.08212835563708154,
      "maximum_rpm": 10916.509074019228,
      "saturation_counts": {
        "horizontal": 158,
        "altitude": 0,
        "attitude": 0,
        "mixer": 0
      },
      "anti_windup_samples": 1174,
      "integral_reset_samples": 0,
      "sample_count": 2602,
      "error": null,
      "ros_domain_id": 143,
      "returncode": 0
    },
    {
      "scenario": "short",
      "force_n": 0.3,
      "parameters": {
        "enabled": true,
        "ki": 0.15,
        "kaw": 2.0,
        "limit_m_s2": 0.35,
        "capture_radius_m": 0.5,
        "reset_distance_m": 1.0
      },
      "dynamics_mass_kg": 1.0,
      "maximum_horizontal_offset_m": 0.33211172331622457,
      "recovery_time_s": 8.795159198001784,
      "reverse_overshoot_m": 0.12274597197350945,
      "final_position_error_m": 0.03428248807886393,
      "final_horizontal_error_m": 0.03428248807883342,
      "final_speed_m_s": 0.0005412035181262877,
      "final_altitude_m": 1.5000000457398182,
      "last_3s_average_error_m": 0.025379119587184657,
      "last_3s_maximum_error_m": 0.05660707598996901,
      "last_3s_average_speed_m_s": 0.03038102616709848,
      "last_3s_average_integral_x_m_s2": 0.02147130116480161,
      "peak_integral_acceleration_m_s2": 0.14219582998103006,
      "maximum_tilt_rad": 0.035700752029760176,
      "maximum_rpm": 10859.373944339695,
      "saturation_counts": {
        "horizontal": 0,
        "altitude": 0,
        "attitude": 0,
        "mixer": 0
      },
      "anti_windup_samples": 590,
      "integral_reset_samples": 0,
      "sample_count": 2603,
      "error": null,
      "ros_domain_id": 144,
      "returncode": 0
    },
    {
      "scenario": "short",
      "force_n": 0.8,
      "parameters": {
        "enabled": true,
        "ki": 0.15,
        "kaw": 2.0,
        "limit_m_s2": 0.35,
        "capture_radius_m": 0.5,
        "reset_distance_m": 1.0
      },
      "dynamics_mass_kg": 1.0,
      "maximum_horizontal_offset_m": 0.9369995682901497,
      "recovery_time_s": null,
      "reverse_overshoot_m": 0.09726163776008193,
      "final_position_error_m": 0.04183408215356615,
      "final_horizontal_error_m": 0.041834082146151426,
      "final_speed_m_s": 0.03691909385830593,
      "final_altitude_m": 1.5000007876395847,
      "last_3s_average_error_m": 0.07978059453142378,
      "last_3s_maximum_error_m": 0.09726163776008193,
      "last_3s_average_speed_m_s": 0.02643659239031815,
      "last_3s_average_integral_x_m_s2": 0.01038860072078613,
      "peak_integral_acceleration_m_s2": 0.10687295108717564,
      "maximum_tilt_rad": 0.0821283556349657,
      "maximum_rpm": 10912.910164225157,
      "saturation_counts": {
        "horizontal": 154,
        "altitude": 0,
        "attitude": 0,
        "mixer": 0
      },
      "anti_windup_samples": 1044,
      "integral_reset_samples": 0,
      "sample_count": 2602,
      "error": null,
      "ros_domain_id": 145,
      "returncode": 0
    }
  ]
}
