{
  "results": [
    {
      "scenario": "persistent",
      "force_n": 0.3,
      "parameters": {
        "enabled": true,
        "ki": 0.05,
        "kaw": 1.0,
        "limit_m_s2": 0.35,
        "capture_radius_m": 0.5,
        "reset_distance_m": 1.0
      },
      "dynamics_mass_kg": 1.0,
      "maximum_horizontal_offset_m": 0.642253457335001,
      "recovery_time_s": null,
      "reverse_overshoot_m": 0.0,
      "final_position_error_m": 0.642246060357652,
      "final_horizontal_error_m": 0.6422460603576515,
      "final_speed_m_s": 0.0014793954700215296,
      "final_altitude_m": 1.5000000249585321,
      "last_3s_average_error_m": 0.6421656250501327,
      "last_3s_maximum_error_m": 0.642253457335001,
      "last_3s_average_speed_m_s": 9.613708131908428e-05,
      "last_3s_average_integral_x_m_s2": -0.04309091361503445,
      "peak_integral_acceleration_m_s2": 0.04309091361503409,
      "maximum_tilt_rad": 0.03640232391861095,
      "maximum_rpm": 10852.441277111348,
      "saturation_counts": {
        "horizontal": 0,
        "altitude": 0,
        "attitude": 0,
        "mixer": 0
      },
      "anti_windup_samples": 0,
      "integral_reset_samples": 0,
      "sample_count": 3201,
      "error": null,
      "ros_domain_id": 130,
      "returncode": 0
    },
    {
      "scenario": "persistent",
      "force_n": 0.3,
      "parameters": {
        "enabled": true,
        "ki": 0.1,
        "kaw": 1.0,
        "limit_m_s2": 0.35,
        "capture_radius_m": 0.5,
        "reset_distance_m": 1.0
      },
      "dynamics_mass_kg": 1.0,
      "maximum_horizontal_offset_m": 0.5327283531622978,
      "recovery_time_s": null,
      "reverse_overshoot_m": 0.0,
      "final_position_error_m": 0.5054128495413592,
      "final_horizontal_error_m": 0.5054128495413555,
      "final_speed_m_s": 0.0016655367434044574,
      "final_altitude_m": 1.4999999378068432,
      "last_3s_average_error_m": 0.5059094957346609,
      "last_3s_maximum_error_m": 0.5067652477123332,
      "last_3s_average_speed_m_s": 0.000452349569103301,
      "last_3s_average_integral_x_m_s2": -0.09793709215101425,
      "peak_integral_acceleration_m_s2": 0.09793709215101494,
      "maximum_tilt_rad": 0.03760281672155408,
      "maximum_rpm": 10854.660636615125,
      "saturation_counts": {
        "horizontal": 0,
        "altitude": 0,
        "attitude": 0,
        "mixer": 0
      },
      "anti_windup_samples": 0,
      "integral_reset_samples": 0,
      "sample_count": 3201,
      "error": null,
      "ros_domain_id": 131,
      "returncode": 0
    },
    {
      "scenario": "persistent",
      "force_n": 0.3,
      "parameters": {
        "enabled": true,
        "ki": 0.15,
        "kaw": 1.0,
        "limit_m_s2": 0.35,
        "capture_radius_m": 0.5,
        "reset_distance_m": 1.0
      },
      "dynamics_mass_kg": 1.0,
      "maximum_horizontal_offset_m": 0.48497467212714934,
      "recovery_time_s": null,
      "reverse_overshoot_m": 0.0,
      "final_position_error_m": 0.06325034950208164,
      "final_horizontal_error_m": 0.06325034946347621,
      "final_speed_m_s": 0.01769855289674873,
      "final_altitude_m": 1.499997790109981,
      "last_3s_average_error_m": 0.08195173102378589,
      "last_3s_maximum_error_m": 0.08910615433636838,
      "last_3s_average_speed_m_s": 0.01058517368591117,
      "last_3s_average_integral_x_m_s2": -0.313611159537081,
      "peak_integral_acceleration_m_s2": 0.35,
      "maximum_tilt_rad": 0.03877210287213892,
      "maximum_rpm": 10852.448800526889,
      "saturation_counts": {
        "horizontal": 0,
        "altitude": 0,
        "attitude": 0,
        "mixer": 0
      },
      "anti_windup_samples": 0,
      "integral_reset_samples": 0,
      "sample_count": 3202,
      "error": null,
      "ros_domain_id": 132,
      "returncode": 0
    },
    {
      "scenario": "persistent",
      "force_n": 0.3,
      "parameters": {
        "enabled": true,
        "ki": 0.2,
        "kaw": 1.0,
        "limit_m_s2": 0.35,
        "capture_radius_m": 0.5,
        "reset_distance_m": 1.0
      },
      "dynamics_mass_kg": 1.0,
      "maximum_horizontal_offset_m": 0.45554412873423417,
      "recovery_time_s": null,
      "reverse_overshoot_m": 0.0,
      "final_position_error_m": 0.017808226403599255,
      "final_horizontal_error_m": 0.017808220308905397,
      "final_speed_m_s": 0.048699347897479914,
      "final_altitude_m": 1.5000147333410685,
      "last_3s_average_error_m": 0.05894380991719545,
      "last_3s_maximum_error_m": 0.08478013920357967,
      "last_3s_average_speed_m_s": 0.02229470511556843,
      "last_3s_average_integral_x_m_s2": -0.27913440240022047,
      "peak_integral_acceleration_m_s2": 0.35,
      "maximum_tilt_rad": 0.03990500317357535,
      "maximum_rpm": 10852.498801742615,
      "saturation_counts": {
        "horizontal": 0,
        "altitude": 0,
        "attitude": 0,
        "mixer": 0
      },
      "anti_windup_samples": 110,
      "integral_reset_samples": 0,
      "sample_count": 3202,
      "error": null,
      "ros_domain_id": 133,
      "returncode": 0
    }
  ]
}
