{
  "results": [
    {
      "scenario": "short",
      "force_n": 0.3,
      "parameters": {
        "enabled": true,
        "ki": 0.15,
        "kaw": 2.0,
        "limit_m_s2": 0.35,
        "capture_radius_m": 0.5,
        "reset_distance_m": 1.0
      },
      "dynamics_mass_kg": 1.0,
      "maximum_horizontal_offset_m": 0.3335185925978668,
      "recovery_time_s": 5.5002009620002354,
      "reverse_overshoot_m": 0.0,
      "final_position_error_m": 0.0025740213252925578,
      "final_horizontal_error_m": 0.0025740213252759105,
      "final_speed_m_s": 0.0032943318693125197,
      "final_altitude_m": 1.500000009257481,
      "last_3s_average_error_m": 0.009909449266532536,
      "last_3s_maximum_error_m": 0.021527762669953068,
      "last_3s_average_speed_m_s": 0.00633856757990119,
      "last_3s_average_integral_x_m_s2": -0.0008306035674534133,
      "peak_integral_acceleration_m_s2": 0.03628601012734878,
      "maximum_tilt_rad": 0.03566326843893888,
      "maximum_rpm": 10867.462712356191,
      "saturation_counts": {
        "horizontal": 0,
        "altitude": 0,
        "attitude": 0,
        "mixer": 0
      },
      "anti_windup_samples": 1600,
      "integral_reset_samples": 0,
      "sample_count": 2602,
      "error": null,
      "ros_domain_id": 221,
      "returncode": 0
    },
    {
      "scenario": "short",
      "force_n": 0.8,
      "parameters": {
        "enabled": true,
        "ki": 0.15,
        "kaw": 2.0,
        "limit_m_s2": 0.35,
        "capture_radius_m": 0.5,
        "reset_distance_m": 1.0
      },
      "dynamics_mass_kg": 1.0,
      "maximum_horizontal_offset_m": 0.9367977814841062,
      "recovery_time_s": 7.535595806999481,
      "reverse_overshoot_m": 0.0,
      "final_position_error_m": 0.008191405817751171,
      "final_horizontal_error_m": 0.008191405817301725,
      "final_speed_m_s": 0.010402021764973877,
      "final_altitude_m": 1.500000085809006,
      "last_3s_average_error_m": 0.031220481270469787,
      "last_3s_maximum_error_m": 0.0674934746413313,
      "last_3s_average_speed_m_s": 0.019831522713383738,
      "last_3s_average_integral_x_m_s2": -0.002622496675136116,
      "peak_integral_acceleration_m_s2": 0.03431849754155103,
      "maximum_tilt_rad": 0.0821283556349657,
      "maximum_rpm": 10913.297029227066,
      "saturation_counts": {
        "horizontal": 154,
        "altitude": 0,
        "attitude": 0,
        "mixer": 0
      },
      "anti_windup_samples": 1736,
      "integral_reset_samples": 0,
      "sample_count": 2602,
      "error": null,
      "ros_domain_id": 222,
      "returncode": 0
    },
    {
      "scenario": "persistent",
      "force_n": 0.3,
      "parameters": {
        "enabled": true,
        "ki": 0.15,
        "kaw": 2.0,
        "limit_m_s2": 0.35,
        "capture_radius_m": 0.5,
        "reset_distance_m": 1.0
      },
      "dynamics_mass_kg": 1.0,
      "maximum_horizontal_offset_m": 0.4849709676556812,
      "recovery_time_s": null,
      "reverse_overshoot_m": 0.0,
      "final_position_error_m": 0.06334327675695307,
      "final_horizontal_error_m": 0.0633432767109052,
      "final_speed_m_s": 0.019173237797497418,
      "final_altitude_m": 1.4999975847056022,
      "last_3s_average_error_m": 0.08198858876551117,
      "last_3s_maximum_error_m": 0.08910702692477547,
      "last_3s_average_speed_m_s": 0.01058454931188143,
      "last_3s_average_integral_x_m_s2": -0.3137658222712284,
      "peak_integral_acceleration_m_s2": 0.35,
      "maximum_tilt_rad": 0.03877619465972727,
      "maximum_rpm": 10854.672520529786,
      "saturation_counts": {
        "horizontal": 0,
        "altitude": 0,
        "attitude": 0,
        "mixer": 0
      },
      "anti_windup_samples": 0,
      "integral_reset_samples": 0,
      "sample_count": 3201,
      "error": null,
      "ros_domain_id": 223,
      "returncode": 0
    },
    {
      "scenario": "bias",
      "force_n": 0.15,
      "parameters": {
        "enabled": true,
        "ki": 0.15,
        "kaw": 2.0,
        "limit_m_s2": 0.35,
        "capture_radius_m": 0.5,
        "reset_distance_m": 1.0
      },
      "dynamics_mass_kg": 1.0,
      "maximum_horizontal_offset_m": 0.24248816878252893,
      "recovery_time_s": null,
      "reverse_overshoot_m": 0.0,
      "final_position_error_m": 0.05326852453827851,
      "final_horizontal_error_m": 0.05326852453010304,
      "final_speed_m_s": 0.018905656313992592,
      "final_altitude_m": 1.499999066731614,
      "last_3s_average_error_m": 0.07306483914375633,
      "last_3s_maximum_error_m": 0.08125274360325684,
      "last_3s_average_speed_m_s": 0.010199629732894726,
      "last_3s_average_integral_x_m_s2": -0.16001645345993995,
      "peak_integral_acceleration_m_s2": 0.1968531160188001,
      "maximum_tilt_rad": 0.019393385086887347,
      "maximum_rpm": 10835.069012363274,
      "saturation_counts": {
        "horizontal": 0,
        "altitude": 0,
        "attitude": 0,
        "mixer": 0
      },
      "anti_windup_samples": 0,
      "integral_reset_samples": 0,
      "sample_count": 3202,
      "error": null,
      "ros_domain_id": 224,
      "returncode": 0
    },
    {
      "scenario": "bias",
      "force_n": 0.3,
      "parameters": {
        "enabled": true,
        "ki": 0.15,
        "kaw": 2.0,
        "limit_m_s2": 0.35,
        "capture_radius_m": 0.5,
        "reset_distance_m": 1.0
      },
      "dynamics_mass_kg": 1.0,
      "maximum_horizontal_offset_m": 0.4849750627945161,
      "recovery_time_s": null,
      "reverse_overshoot_m": 0.0,
      "final_position_error_m": 0.06323723858704935,
      "final_horizontal_error_m": 0.06323723854210204,
      "final_speed_m_s": 0.019197524262379376,
      "final_altitude_m": 1.4999976157418662,
      "last_3s_average_error_m": 0.08195472220663041,
      "last_3s_maximum_error_m": 0.08910713133250618,
      "last_3s_average_speed_m_s": 0.010595593131411092,
      "last_3s_average_integral_x_m_s2": -0.31364489685897856,
      "peak_integral_acceleration_m_s2": 0.35,
      "maximum_tilt_rad": 0.03877501256467428,
      "maximum_rpm": 10854.15386395646,
      "saturation_counts": {
        "horizontal": 0,
        "altitude": 0,
        "attitude": 0,
        "mixer": 0
      },
      "anti_windup_samples": 0,
      "integral_reset_samples": 0,
      "sample_count": 3202,
      "error": null,
      "ros_domain_id": 225,
      "returncode": 0
    }
  ]
}
