{
  "schema_version": 3,
  "experiment": "navigation",
  "scenario_id": "narrow_corridor",
  "status": "final",
  "repository_commit": "0e6f47167c70bc93e32ae083ba00c5696a6cfce5",
  "sample_count": 8543,
  "mission_sample_count": 7800,
  "navigation_phase_start_time_s": 3.599999189376831,
  "navigation_phase_start_source": "reference_segment",
  "metrics": {
    "final_position_error_m": 0.003855317218421935,
    "final_speed_m_s": 0.0030947147453639595,
    "final_window_mean_error_m": 0.0018802115450539804,
    "recorded_targets": [
      {
        "position": [
          12.1,
          1.1,
          1.5
        ],
        "yaw_rad": 0.0
      }
    ],
    "target_snapshot_matches_samples": true,
    "yaw_metrics_status": "available",
    "yaw_sample_count": 7080,
    "final_yaw_error_rad": 3.908935258843107e-08,
    "yaw_error_rms_rad": 0.10015328220460082,
    "maximum_absolute_yaw_error_rad": 0.33137146450594535,
    "arrival_time_s": 33.89985108375549,
    "maximum_overshoot_m": 0.003629037210987762,
    "maximum_overshoot_percent": 0.0296438131851216,
    "steady_state_mean_error_m": 0.005398232023559958,
    "steady_state_rms_error_m": 0.006584107683470403,
    "steady_state_max_error_m": 0.012387675635671785,
    "maximum_goal_position_error_m": 12.242140335741949,
    "full_mission_tracking_max_error_m": 1.5,
    "full_mission_tracking_rms_error_m": 0.21786710994561362,
    "minimum_raw_obstacle_distance_m": 0.4537458435133474,
    "safety_radius_m": 0.25,
    "minimum_safety_clearance_m": 0.2037458435133474,
    "straight_line_distance_m": 12.242140335741949,
    "actual_path_length_m": 17.015752391590002,
    "flight_time_s": 38.99492359161377,
    "planned_segment_count": 1,
    "simplified_segment_count": 1,
    "reference_segment_count": 1,
    "planned_path_length_m": 16.044454004438784,
    "simplified_path_length_m": 15.230636521065914,
    "reference_path_length_m": 15.516959785554945,
    "path_efficiency": 1.0965906096779547,
    "planned_vs_straight_ratio": 1.3105922301507738,
    "actual_vs_reference_ratio": 1.0965906096779547,
    "maximum_absolute_roll_rad": 0.03830777953204198,
    "maximum_absolute_pitch_rad": 0.04006903749547909,
    "maximum_angular_speed_rad_s": 0.7684347384996485,
    "non_finite_attitude_count": 0,
    "attitude_divergence_detected": false,
    "minimum_commanded_motor_rpm": 0.0,
    "maximum_commanded_motor_rpm": 13067.535212862302,
    "minimum_motor_rpm": 0.0,
    "maximum_motor_rpm": 13067.535212862302,
    "motor_rpm_semantics": "commanded_motor_rpm",
    "saturation_sample_source": "diagnostics_callbacks",
    "saturation_sample_count": 0,
    "longest_saturation_duration_s": 0.0,
    "saturated_at_end": false,
    "non_finite_rpm_count": 0,
    "goal_count": 1,
    "visited_goal_count": 1,
    "goal_order": [
      0
    ],
    "goal_activation_times_s": [
      0.0
    ],
    "per_goal_arrival_times_s": [
      35.984965324401855
    ],
    "per_goal_duration_s": [
      35.984965324401855
    ],
    "per_goal_final_errors_m": [
      0.003855317218421935
    ],
    "segment_overshoots": [
      {
        "goal_index": 0,
        "maximum_overshoot_m": 0.003629037210987762,
        "maximum_overshoot_percent": 0.0296438131851216
      }
    ],
    "mission_complete": true,
    "mission_success": true,
    "total_mission_time_s": 38.99492359161377,
    "takeoff_tracking_sample_count": 715,
    "takeoff_tracking_max_error_m": 1.5,
    "takeoff_tracking_rms_error_m": 0.7185127066522377,
    "navigation_tracking_sample_count": 7080,
    "navigation_tracking_max_error_m": 0.031012842129755747,
    "navigation_tracking_rms_error_m": 0.011096714549302781,
    "navigation_tracking_final_error_m": 0.003855317218421935,
    "navigation_yaw_tracking_status": "available",
    "navigation_yaw_tracking_sample_count": 7080,
    "navigation_yaw_tracking_final_error_rad": 3.908935258843107e-08,
    "navigation_yaw_tracking_rms_error_rad": 0.10015328220460082,
    "navigation_yaw_tracking_maximum_absolute_error_rad": 0.33137146450594535,
    "collision_observed": false,
    "navigation_complete": true,
    "navigation_success": true,
    "preflight_ready_observed": false,
    "execution_active_observed": true
  },
  "yaw_analysis": {
    "status": "available",
    "reference_field": "reference_yaw",
    "error_definition": "wrap_to_pi(reference_yaw - actual_yaw)",
    "completion_gate_yaw_tolerance_rad": 0.1,
    "completion_gate_source": "interactive_goal_executor.yaml:goal_yaw_tolerance",
    "acceptance_threshold_applied": false
  },
  "assignment_thresholds": {
    "hover_final_position_error_max_m": 0.3
  },
  "project_thresholds": {
    "final_position_error_max_m": 0.1,
    "minimum_safety_clearance_strictly_greater_than_m": 0.0,
    "non_finite_value_count": 0,
    "attitude_divergence_detected": false,
    "saturated_at_end": false
  },
  "legacy_checks": {
    "assignment_hover_error_pass": true,
    "project_final_error_pass": true,
    "finite_attitude_pass": true,
    "finite_rpm_pass": true,
    "attitude_stability_pass": true,
    "rpm_end_saturation_pass": true,
    "navigation_pass": true
  },
  "checks": {
    "stop_reason_not_timeout": {
      "metric_name": "stop_reason_not_timeout",
      "actual_value": "navigation_success_and_steady_window_complete",
      "threshold": "must not start with timeout",
      "passed": true,
      "source": "metadata.json:stop_reason"
    },
    "finite_attitude": {
      "metric_name": "finite_attitude",
      "actual_value": 0,
      "threshold": 0,
      "passed": true,
      "source": "samples.csv:roll,pitch,yaw"
    },
    "finite_commanded_rpm": {
      "metric_name": "finite_commanded_rpm",
      "actual_value": 0,
      "threshold": 0,
      "passed": true,
      "source": "samples.csv:commanded_motor_rpm / legacy m*_rpm"
    },
    "no_attitude_divergence": {
      "metric_name": "no_attitude_divergence",
      "actual_value": false,
      "threshold": false,
      "passed": true,
      "source": "analyzer:attitude duration"
    },
    "not_saturated_at_end": {
      "metric_name": "not_saturated_at_end",
      "actual_value": false,
      "threshold": false,
      "passed": true,
      "source": "diagnostics.csv:last mission callback / legacy Odom"
    },
    "navigation_complete": {
      "metric_name": "navigation_complete",
      "actual_value": true,
      "threshold": true,
      "passed": true,
      "source": "samples.csv:/drone/multi_goal/complete"
    },
    "navigation_success": {
      "metric_name": "navigation_success",
      "actual_value": true,
      "threshold": true,
      "passed": true,
      "source": "samples.csv:/drone/multi_goal/success"
    },
    "no_collision": {
      "metric_name": "no_collision",
      "actual_value": false,
      "threshold": false,
      "passed": true,
      "source": "samples.csv:/drone/environment/in_collision"
    },
    "navigation_tracking_max_error": {
      "metric_name": "navigation_tracking_max_error",
      "actual_value": 0.031012842129755747,
      "threshold": "< 0.05 m",
      "passed": true,
      "source": "samples.csv:trajectory_setpoint tracking, navigation phase"
    },
    "minimum_safety_clearance": {
      "metric_name": "minimum_safety_clearance",
      "actual_value": 0.2037458435133474,
      "threshold": ">= 0.085 m",
      "passed": true,
      "source": "samples.csv:AABB distance - safety radius"
    },
    "final_position_error": {
      "metric_name": "final_position_error",
      "actual_value": 0.003855317218421935,
      "threshold": "< 0.05 m",
      "passed": true,
      "source": "samples.csv:last mission sample"
    },
    "final_speed": {
      "metric_name": "final_speed",
      "actual_value": 0.0030947147453639595,
      "threshold": "< 0.03 m/s",
      "passed": true,
      "source": "samples.csv:last mission sample"
    },
    "zero_rpm_saturation_samples": {
      "metric_name": "zero_rpm_saturation_samples",
      "actual_value": 0,
      "threshold": 0,