{
  "scenario": "short",
  "force_n": 0.8,
  "parameters": {
    "enabled": false,
    "ki": 0.0,
    "kaw": 1.0,
    "limit_m_s2": 0.35,
    "capture_radius_m": 0.5,
    "reset_distance_m": 1.0
  },
  "dynamics_mass_kg": 1.0,
  "maximum_horizontal_offset_m": 0.9502046031036644,
  "recovery_time_s": 7.5431878629970015,
  "reverse_overshoot_m": 0.0,
  "final_position_error_m": 0.011334506468324977,
  "final_horizontal_error_m": 0.011334506467938467,
  "final_speed_m_s": 0.00707229682646905,
  "final_altitude_m": 1.500000093604606,
  "last_3s_average_error_m": 0.03204436346944983,
  "last_3s_maximum_error_m": 0.06800825496852904,
  "last_3s_average_speed_m_s": 0.018955952782339358,
  "last_3s_average_integral_x_m_s2": 0.0,
  "peak_integral_acceleration_m_s2": 0.0,
  "maximum_tilt_rad": 0.08193880867527725,
  "maximum_rpm": 10920.494996388035,
  "saturation_counts": {
    "horizontal": 142,
    "altitude": 0,
    "attitude": 0,
    "mixer": 0
  },
  "anti_windup_samples": 0,
  "integral_reset_samples": 0,
  "sample_count": 2602,
  "error": null
}
