{
  "kind": "disturbance_0p8",
  "completed": true,
  "rise_time_s": null,
  "overshoot_m": null,
  "settling_time_s": 11.415201374002208,
  "maximum_horizontal_offset_m": 0.9502354562962777,
  "final_error_m": 0.008772555236652763,
  "final_speed_m_s": 0.0055265332780522645,
  "maximum_tilt_rad": 0.08192603794100776,
  "maximum_rpm": 10916.319637986686,
  "maximum_horizontal_acceleration_request_m_s2": 0.8,
  "saturation_counts": {
    "horizontal": 71,
    "altitude": 0,
    "attitude": 0,
    "mixer": 0
  },
  "diagnostic_samples": 1342,
  "state_samples": 2683
}
