controller,persistent_last_3s_error_m,short_0p3_max_offset_m,short_0p3_recovery_s,short_0p8_max_offset_m,short_0p8_recovery_s,release_reverse_overshoot_m,peak_integral_m_s2,horizontal_saturation_samples,multi_goal_max_tracking_error_m,multi_goal_minimum_clearance_m
PD baseline,0.7493401619764486,0.34862495025956364,5.725052303001576,0.9502046031036644,7.5431878629970015,0.0,0.0,142,,
selected PID-like,0.08198858876551117,0.3335185925978668,5.5002009620002354,0.9367977814841062,7.535595806999481,0.1585703145373999,0.35,154,0.02682587945465281,0.09434264609694054
