{
  "scenario": "short",
  "force_n": 0.8,
  "parameters": {
    "enabled": true,
    "ki": 0.15,
    "kaw": 2.0,
    "unload_gain": 2.0,
    "limit_m_s2": 0.35,
    "capture_radius_m": 0.5,
    "reset_distance_m": 1.0
  },
  "dynamics_mass_kg": 1.0,
  "maximum_horizontal_offset_m": 0.9370104721650468,
  "recovery_time_s": 7.5363497119979,
  "reverse_overshoot_m": 0.0,
  "final_position_error_m": 0.011280981032691555,
  "final_horizontal_error_m": 0.011280981032333676,
  "final_speed_m_s": 0.007035124143376629,
  "final_altitude_m": 1.5000000898578878,
  "last_3s_average_error_m": 0.03186995534295277,
  "last_3s_maximum_error_m": 0.0676068087680736,
  "last_3s_average_speed_m_s": 0.018839541874555013,
  "last_3s_average_integral_x_m_s2": 3.2534752140352867e-09,
  "peak_integral_acceleration_m_s2": 0.03431849754155103,
  "disturbance_last_3s_average_error_m": 0.3221975298981007,
  "integrator_unloading_start_s": 0.0,
  "maximum_tilt_rad": 0.0821283556349657,
  "maximum_rpm": 10912.889520241304,
  "saturation_counts": {
    "horizontal": 154,
    "altitude": 0,
    "attitude": 0,
    "mixer": 0
  },
  "saturation_backcalc_samples": 154,
  "integrator_unloading_samples": 2038,
  "integral_reset_samples": 0,
  "sample_count": 2602,
  "error": null
}
