{
  "scenario": "short",
  "force_n": 0.3,
  "parameters": {
    "enabled": true,
    "ki": 0.15,
    "kaw": 2.0,
    "unload_gain": 2.0,
    "limit_m_s2": 0.35,
    "capture_radius_m": 0.5,
    "reset_distance_m": 1.0
  },
  "dynamics_mass_kg": 1.0,
  "maximum_horizontal_offset_m": 0.33145486043485123,
  "recovery_time_s": 8.066148326004623,
  "reverse_overshoot_m": 0.12448378690343304,
  "final_position_error_m": 0.01902001555797299,
  "final_horizontal_error_m": 0.01902001555793946,
  "final_speed_m_s": 0.010174592181318401,
  "final_altitude_m": 1.500000035713222,
  "last_3s_average_error_m": 0.0434242173135121,
  "last_3s_maximum_error_m": 0.07814846566929017,
  "last_3s_average_speed_m_s": 0.019759098297618665,
  "last_3s_average_integral_x_m_s2": -1.27183861529349e-05,
  "peak_integral_acceleration_m_s2": 0.1418606947940931,
  "disturbance_last_3s_average_error_m": 0.12059237160778745,
  "integrator_unloading_start_s": 3.2904741859965725,
  "maximum_tilt_rad": 0.03568881944050899,
  "maximum_rpm": 10857.211653670645,
  "saturation_counts": {
    "horizontal": 0,
    "altitude": 0,
    "attitude": 0,
    "mixer": 0
  },
  "saturation_backcalc_samples": 0,
  "integrator_unloading_samples": 1343,
  "integral_reset_samples": 0,
  "sample_count": 2601,
  "error": null
}
