{
  "acceptance_failures": [],
  "actual_path_points": 1451,
  "actual_point_collision_observed": false,
  "actual_segment_collision_observed": false,
  "collision_observed": false,
  "collision_state_samples": 2902,
  "controller_saturation_count": 0,
  "environment_config": "src/drone_bringup/config/environment.yaml",
  "final_position_error_m": 0.004183037562358352,
  "final_speed_m_s": 0.0016917844126189355,
  "goals": [
    [
      13.2,
      5.5,
      1.5,
      0.0
    ],
    [
      7.0,
      5.0,
      4.0,
      0.0
    ],
    [
      0.8,
      0.7,
      2.0,
      0.0
    ]
  ],
  "launch_to_complete_time_s": 142.38768332698965,
  "maximum_actual_speed_m_s": 1.0161782692072823,
  "maximum_motor_peak_difference_rpm": 780.1574924388078,
  "maximum_motor_rpm": 13067.535212862302,
  "maximum_reference_acceleration_m_s2": 0.3440518020795224,
  "maximum_reference_speed_m_s": 0.6331275479785448,
  "maximum_tracking_error_m": 0.027957293401047842,
  "minimum_clearance_m": 0.08936302619006398,
  "minimum_motor_rpm": 0.0,
  "mission_complete": true,
  "mission_complete_time_s": 142.38768332698965,
  "mission_config": "src/drone_bringup/config/multi_goal_mission.yaml",
  "mission_success": true,
  "motor_rpm_limit": 20000.0,
  "navigation_execution_time_s": 136.76175319298636,
  "navigation_start_time_s": 5.6259301340032835,
  "nominal_speed_m_s": 0.35,
  "nonfinite_observed": false,
  "observed_goal_indices": [
    0,
    1,
    2
  ],
  "observed_visited_counts": [
    0,
    1,
    2,
    3
  ],
  "odom_samples": 29026,
  "passed": true,
  "post_complete_maximum_motor_rpm": 10827.222652890112,
  "post_complete_minimum_motor_rpm": 10811.145194697225,
  "ros_domain_id": 114,
  "rpm_samples": 14513,
  "runtime_error": null,
  "segments": [
    {
      "acceptance_position_error": 0.002375635758593501,
      "acceptance_speed": 0.00766585255717964,
      "expanded_nodes": 15575,
      "final_waypoint_count": 18,
      "goal_index": 0,
      "goal_position": [
        13.2,
        5.5,
        1.5
      ],
      "initial_simplified_points": 9,
      "maximum_actual_speed": 0.5598821992039688,
      "maximum_motor_rpm": 11202.13839852763,
      "maximum_reference_acceleration": 0.34359626325031506,
      "maximum_reference_speed": 0.5524878147546248,
      "maximum_tracking_error": 0.02200720007487214,
      "minimum_clearance": 0.08936302619006398,
      "minimum_motor_rpm": 10421.980906088822,
      "raw_path_length": 20.953619802034424,
      "raw_path_length_from_log": 20.95362,
      "raw_path_points": 72,
      "reference_path_length": 20.605585436097133,
      "reference_path_points": 1257,
      "refinement_iterations": 3,
      "segment_accept_time": 69.37514407400158,
      "segment_elapsed_time": 63.7492139399983,
      "segment_start_time": 5.6259301340032835,
      "selected_duration_scale": 1.0,
      "selected_velocity_scale": 1.0,
      "simplified_path_length": 20.17633632204667,
      "simplified_path_length_from_log": 20.176336,
      "simplified_path_points": 18,
      "trajectory_duration": 62.754,
      "validated_maximum_reference_acceleration": 0.343598,
      "validated_maximum_reference_speed": 0.552488
    },
    {
      "acceptance_position_error": 0.005744859660902675,
      "acceptance_speed": 0.0005510330113686143,
      "expanded_nodes": 7448,
      "final_waypoint_count": 5,
      "goal_index": 1,
      "goal_position": [
        7.0,
        5.0,
        4.0
      ],
      "initial_simplified_points": 5,
      "maximum_actual_speed": 0.6360638796086753,
      "maximum_motor_rpm": 10908.74396047435,
      "maximum_reference_acceleration": 0.3440518020795224,
      "maximum_reference_speed": 0.6331275479785448,
      "maximum_tracking_error": 0.027957293401047842,
      "minimum_clearance": 0.13885179096300018,
      "minimum_motor_rpm": 10727.514857705297,
      "raw_path_length": 14.965936756989576,
      "raw_path_length_from_log": 14.965937,
      "raw_path_points": 54,
      "reference_path_length": 13.481302670341567,
      "reference_path_points": 768,
      "refinement_iterations": 0,
      "segment_accept_time": 109.61621825498878,
      "segment_elapsed_time": 39.2981481399911,
      "segment_start_time": 70.31807011499768,
      "selected_duration_scale": 1.0,
      "selected_velocity_scale": 0.25,
      "simplified_path_length": 13.41053531471272,
      "simplified_path_length_from_log": 13.410535,
      "simplified_path_points": 5,
      "trajectory_duration": 38.316,
      "validated_maximum_reference_acceleration": 0.344052,
      "validated_maximum_reference_speed": 0.633128
    },
    {
      "acceptance_position_error": 0.005390232813036467,
      "acceptance_speed": 0.0056697071450745725,
      "expanded_nodes": 3921,
      "final_waypoint_count": 7,
      "goal_index": 2,
      "goal_position": [
        0.8,
        0.7,
        2.0
      ],
      "initial_simplified_points": 7,
      "maximum_actual_speed": 0.5063164553830383,
      "maximum_motor_rpm": 11018.701814666369,
      "maximum_reference_acceleration": 0.325660175586453,
      "maximum_reference_speed": 0.49727821011351375,
      "maximum_tracking_error": 0.01863544377641665,
      "minimum_clearance": 0.20101300454429166,
      "minimum_motor_rpm": 10627.541464235283,
      "raw_path_length": 11.238273211468382,
      "raw_path_length_from_log": 11.238273,
      "raw_path_points": 39,
      "reference_path_length": 10.200361291042901,
      "reference_path_points": 626,
      "refinement_iterations": 0,
      "segment_accept_time": 142.38765805898583,
      "segment_elapsed_time": 32.19603552197805,
      "segment_start_time": 110.19162253700779,
      "selected_duration_scale": 1.1,
      "selected_velocity_scale": 1.0,
      "simplified_path_length": 9.931291578144416,
      "simplified_path_length_from_log": 9.931292,
      "simplified_path_points": 7,
      "trajectory_duration": 31.213,
      "validated_maximum_reference_acceleration": 0.32566,
      "validated_maximum_reference_speed": 0.497278
    }
  ],
  "setpoint_samples": 7256,
  "takeoff_start_time_s": 0.2760960859886836,
  "visited_goals": 3
}
