{
  "kind": "diagonal_step",
  "completed": true,
  "rise_time_s": 6.0847861590009416,
  "overshoot_m": 0.0,
  "settling_time_s": 12.085805611997785,
  "maximum_horizontal_offset_m": 2.222497319048304,
  "final_error_m": 0.013570658468987746,
  "final_speed_m_s": 0.005361382463957796,
  "maximum_tilt_rad": 0.11865604593135479,
  "maximum_rpm": 12580.861747844107,
  "maximum_horizontal_acceleration_request_m_s2": 0.894427190999916,
  "saturation_counts": {
    "horizontal": 0,
    "altitude": 0,
    "attitude": 0,
    "mixer": 0
  },
  "diagnostic_samples": 1409,
  "state_samples": 2818
}
