{
  "kind": "horizontal_step",
  "completed": true,
  "rise_time_s": 6.090240409001126,
  "overshoot_m": 0.0,
  "settling_time_s": 11.865875089999463,
  "maximum_horizontal_offset_m": 1.9863809309331477,
  "final_error_m": 0.013619069067027301,
  "final_speed_m_s": 0.005380484455301851,
  "maximum_tilt_rad": 0.08175185066923099,
  "maximum_rpm": 11728.841126427767,
  "maximum_horizontal_acceleration_request_m_s2": 0.6,
  "saturation_counts": {
    "horizontal": 35,
    "altitude": 0,
    "attitude": 0,
    "mixer": 0
  },
  "diagnostic_samples": 1386,
  "state_samples": 2773
}
