{
  "scenario": "persistent",
  "force_n": 0.3,
  "parameters": {
    "enabled": true,
    "ki": 0.2,
    "kaw": 1.0,
    "limit_m_s2": 0.35,
    "capture_radius_m": 0.5,
    "reset_distance_m": 1.0
  },
  "dynamics_mass_kg": 1.0,
  "maximum_horizontal_offset_m": 0.45554412873423417,
  "recovery_time_s": null,
  "reverse_overshoot_m": 0.0,
  "final_position_error_m": 0.017808226403599255,
  "final_horizontal_error_m": 0.017808220308905397,
  "final_speed_m_s": 0.048699347897479914,
  "final_altitude_m": 1.5000147333410685,
  "last_3s_average_error_m": 0.05894380991719545,
  "last_3s_maximum_error_m": 0.08478013920357967,
  "last_3s_average_speed_m_s": 0.02229470511556843,
  "last_3s_average_integral_x_m_s2": -0.27913440240022047,
  "peak_integral_acceleration_m_s2": 0.35,
  "maximum_tilt_rad": 0.03990500317357535,
  "maximum_rpm": 10852.498801742615,
  "saturation_counts": {
    "horizontal": 0,
    "altitude": 0,
    "attitude": 0,
    "mixer": 0
  },
  "anti_windup_samples": 110,
  "integral_reset_samples": 0,
  "sample_count": 3202,
  "error": null
}
