{
  "kind": "horizontal_step",
  "completed": true,
  "rise_time_s": 6.085049411005457,
  "overshoot_m": 0.0,
  "settling_time_s": 11.805496126005892,
  "maximum_horizontal_offset_m": 1.9864015935629815,
  "final_error_m": 0.013598406437193613,
  "final_speed_m_s": 0.005372322638021178,
  "maximum_tilt_rad": 0.10726015362110233,
  "maximum_rpm": 12017.111158519798,
  "maximum_horizontal_acceleration_request_m_s2": 0.8,
  "saturation_counts": {
    "horizontal": 0,
    "altitude": 0,
    "attitude": 0,
    "mixer": 0
  },
  "diagnostic_samples": 1380,
  "state_samples": 2761
}
