{
  "scenario": "release",
  "force_n": 0.3,
  "parameters": {
    "enabled": false,
    "ki": 0.0,
    "kaw": 1.0,
    "limit_m_s2": 0.35,
    "capture_radius_m": 0.5,
    "reset_distance_m": 1.0
  },
  "dynamics_mass_kg": 1.0,
  "maximum_horizontal_offset_m": 0.744377191898071,
  "recovery_time_s": 6.390493630002311,
  "reverse_overshoot_m": 0.0,
  "final_position_error_m": 0.005596656620497865,
  "final_horizontal_error_m": 0.005596656620429214,
  "final_speed_m_s": 0.003551880294252129,
  "final_altitude_m": 1.5000000277205854,
  "last_3s_average_error_m": 0.01618823857895886,
  "last_3s_maximum_error_m": 0.03485248783808739,
  "last_3s_average_speed_m_s": 0.009785980571729655,
  "last_3s_average_integral_x_m_s2": 0.0,
  "peak_integral_acceleration_m_s2": 0.0,
  "maximum_tilt_rad": 0.03521184327911956,
  "maximum_rpm": 10856.181095616741,
  "saturation_counts": {
    "horizontal": 0,
    "altitude": 0,
    "attitude": 0,
    "mixer": 0
  },
  "anti_windup_samples": 0,
  "integral_reset_samples": 0,
  "sample_count": 4202,
  "error": null
}
