{
  "kind": "disturbance_persistent",
  "completed": true,
  "rise_time_s": null,
  "overshoot_m": null,
  "settling_time_s": 20.185267083004874,
  "maximum_horizontal_offset_m": 0.7280076822405235,
  "final_error_m": 0.013604166444956777,
  "final_speed_m_s": 0.0053739143590099455,
  "maximum_tilt_rad": 0.03204388670002943,
  "maximum_rpm": 10855.769450163762,
  "maximum_horizontal_acceleration_request_m_s2": 0.31434440359093346,
  "saturation_counts": {
    "horizontal": 0,
    "altitude": 0,
    "attitude": 0,
    "mixer": 0
  },
  "diagnostic_samples": 2218,
  "state_samples": 4437
}
