{
  "scenario": "persistent",
  "force_n": 0.3,
  "parameters": {
    "enabled": true,
    "ki": 0.15,
    "kaw": 2.0,
    "limit_m_s2": 0.35,
    "capture_radius_m": 0.5,
    "reset_distance_m": 1.0
  },
  "dynamics_mass_kg": 1.0,
  "maximum_horizontal_offset_m": 0.4849726009235412,
  "recovery_time_s": null,
  "reverse_overshoot_m": 0.0,
  "final_position_error_m": 0.06325443802454637,
  "final_horizontal_error_m": 0.063254437986439,
  "final_speed_m_s": 0.017697091973875718,
  "final_altitude_m": 1.4999978043404347,
  "last_3s_average_error_m": 0.08195336752294055,
  "last_3s_maximum_error_m": 0.08910710674436192,
  "last_3s_average_speed_m_s": 0.01058443212063268,
  "last_3s_average_integral_x_m_s2": -0.3136109382903005,
  "peak_integral_acceleration_m_s2": 0.35,
  "maximum_tilt_rad": 0.03877213332168368,
  "maximum_rpm": 10852.449618507944,
  "saturation_counts": {
    "horizontal": 0,
    "altitude": 0,
    "attitude": 0,
    "mixer": 0
  },
  "anti_windup_samples": 0,
  "integral_reset_samples": 0,
  "sample_count": 3202,
  "error": null
}
