{
  "scenario": "short",
  "force_n": 0.3,
  "parameters": {
    "enabled": true,
    "ki": 0.15,
    "kaw": 1.0,
    "limit_m_s2": 0.35,
    "capture_radius_m": 0.5,
    "reset_distance_m": 1.0
  },
  "dynamics_mass_kg": 1.0,
  "maximum_horizontal_offset_m": 0.3314548634287642,
  "recovery_time_s": null,
  "reverse_overshoot_m": 0.14461175593098632,
  "final_position_error_m": 0.03611261864398693,
  "final_horizontal_error_m": 0.036112618642778954,
  "final_speed_m_s": 0.01700270687342317,
  "final_altitude_m": 1.499999704624772,
  "last_3s_average_error_m": 0.03455386377987804,
  "last_3s_maximum_error_m": 0.08845394676800343,
  "last_3s_average_speed_m_s": 0.04160300671707118,
  "last_3s_average_integral_x_m_s2": 0.03145716529149391,
  "peak_integral_acceleration_m_s2": 0.141860696134886,
  "maximum_tilt_rad": 0.03568881975712588,
  "maximum_rpm": 10857.211630235242,
  "saturation_counts": {
    "horizontal": 0,
    "altitude": 0,
    "attitude": 0,
    "mixer": 0
  },
  "anti_windup_samples": 660,
  "integral_reset_samples": 0,
  "sample_count": 2602,
  "error": null
}
