{
  "kind": "disturbance_0p8",
  "completed": true,
  "rise_time_s": null,
  "overshoot_m": null,
  "settling_time_s": 13.180812218997744,
  "maximum_horizontal_offset_m": 0.8402847938660024,
  "final_error_m": 0.013581066633297213,
  "final_speed_m_s": 0.005364982583617267,
  "maximum_tilt_rad": 0.08085891516479181,
  "maximum_rpm": 10929.444627753726,
  "maximum_horizontal_acceleration_request_m_s2": 0.7983242330054573,
  "saturation_counts": {
    "horizontal": 0,
    "altitude": 0,
    "attitude": 0,
    "mixer": 0
  },
  "diagnostic_samples": 1518,
  "state_samples": 3037
}
