{
  "kind": "horizontal_step",
  "completed": true,
  "rise_time_s": 4.885114698998223,
  "overshoot_m": 0.0,
  "settling_time_s": 8.99274590699497,
  "maximum_horizontal_offset_m": 1.9915392888634365,
  "final_error_m": 0.00846071113688264,
  "final_speed_m_s": 0.005475265920407891,
  "maximum_tilt_rad": 0.1056584871265819,
  "maximum_rpm": 12016.90566131941,
  "maximum_horizontal_acceleration_request_m_s2": 0.8,
  "saturation_counts": {
    "horizontal": 0,
    "altitude": 0,
    "attitude": 0,
    "mixer": 0
  },
  "diagnostic_samples": 1100,
  "state_samples": 2199
}
