{
  "acceptance_failures": [],
  "actual_path_points": 1419,
  "actual_point_collision_observed": false,
  "actual_segment_collision_observed": false,
  "collision_observed": false,
  "collision_state_samples": 2837,
  "controller_saturation_count": 0,
  "environment_config": "src/drone_bringup/config/environment.yaml",
  "final_position_error_m": 0.0015363750298452953,
  "final_speed_m_s": 0.004355268895710796,
  "goals": [
    [
      13.2,
      5.5,
      1.5,
      0.0
    ],
    [
      7.0,
      5.0,
      4.0,
      0.0
    ],
    [
      0.8,
      0.7,
      2.0,
      0.0
    ]
  ],
  "launch_to_complete_time_s": 139.20371168499696,
  "maximum_actual_speed_m_s": 1.0141091403324056,
  "maximum_motor_peak_difference_rpm": 792.3659821183264,
  "maximum_motor_rpm": 13067.535212862302,
  "maximum_reference_acceleration_m_s2": 0.3440518032051615,
  "maximum_reference_speed_m_s": 0.6331275827879183,
  "maximum_tilt_rad": 0.03922474695633519,
  "maximum_tracking_error_m": 0.028843114771961914,
  "minimum_clearance_m": 0.09430956688337133,
  "minimum_motor_rpm": 0.0,
  "mission_complete": true,
  "mission_complete_time_s": 139.20371168499696,
  "mission_config": "src/drone_bringup/config/multi_goal_mission.yaml",
  "mission_success": true,
  "motor_rpm_limit": 20000.0,
  "navigation_execution_time_s": 135.2926984969963,
  "navigation_start_time_s": 3.911013188000652,
  "nominal_speed_m_s": 0.35,
  "nonfinite_observed": false,
  "observed_goal_indices": [
    0,
    1,
    2
  ],
  "observed_visited_counts": [
    0,
    1,
    2,
    3
  ],
  "odom_samples": 28358,
  "passed": true,
  "post_complete_maximum_motor_rpm": 10824.746029338794,
  "post_complete_minimum_motor_rpm": 10813.713837827123,
  "ros_domain_id": 114,
  "rpm_samples": 14191,
  "runtime_error": null,
  "segments": [
    {
      "acceptance_position_error": 0.0090589072809243,
      "acceptance_speed": 0.0053053735438697,
      "expanded_nodes": 15575,
      "final_waypoint_count": 18,
      "goal_index": 0,
      "goal_position": [
        13.2,
        5.5,
        1.5
      ],
      "initial_simplified_points": 9,
      "maximum_actual_speed": 0.5575801322625189,
      "maximum_motor_rpm": 11208.054751228929,
      "maximum_reference_acceleration": 0.3435883218844163,
      "maximum_reference_speed": 0.5524882170724446,
      "maximum_tracking_error": 0.026254874248601512,
      "minimum_clearance": 0.09430956688337133,
      "minimum_motor_rpm": 10415.688769110602,
      "raw_path_length": 20.953642758658745,
      "raw_path_length_from_log": 20.953643,
      "raw_path_points": 72,
      "reference_path_length": 20.605586686588122,
      "reference_path_points": 1257,
      "refinement_iterations": 3,
      "segment_accept_time": 67.64788929400675,
      "segment_elapsed_time": 63.73687610600609,
      "segment_start_time": 3.911013188000652,
      "selected_duration_scale": 1.0,
      "selected_velocity_scale": 1.0,
      "simplified_path_length": 20.176337510937994,
      "simplified_path_length_from_log": 20.176338,
      "simplified_path_points": 18,
      "trajectory_duration": 62.754,
      "validated_maximum_reference_acceleration": 0.343598,
      "validated_maximum_reference_speed": 0.552488
    },
    {
      "acceptance_position_error": 0.01050334680993452,
      "acceptance_speed": 0.0015597835221020013,
      "expanded_nodes": 7448,
      "final_waypoint_count": 5,
      "goal_index": 1,
      "goal_position": [
        7.0,
        5.0,
        4.0
      ],
      "initial_simplified_points": 5,
      "maximum_actual_speed": 0.6342047012464117,
      "maximum_motor_rpm": 10905.238114279511,
      "maximum_reference_acceleration": 0.3440518032051615,
      "maximum_reference_speed": 0.6331275827879183,
      "maximum_tracking_error": 0.028843114771961914,
      "minimum_clearance": 0.14043103289468514,
      "minimum_motor_rpm": 10731.06545377524,
      "raw_path_length": 14.963014265340481,
      "raw_path_length_from_log": 14.963014,
      "raw_path_points": 54,
      "reference_path_length": 13.47493127274423,
      "reference_path_points": 767,
      "refinement_iterations": 0,
      "segment_accept_time": 107.00865067999985,
      "segment_elapsed_time": 39.30837451899424,
      "segment_start_time": 67.7002761610056,
      "selected_duration_scale": 1.0,
      "selected_velocity_scale": 0.25,
      "simplified_path_length": 13.40418343861808,
      "simplified_path_length_from_log": 13.404183,
      "simplified_path_points": 5,
      "trajectory_duration": 38.298,
      "validated_maximum_reference_acceleration": 0.344051,
      "validated_maximum_reference_speed": 0.633127
    },
    {
      "acceptance_position_error": 0.009570695595245529,
      "acceptance_speed": 0.004523345403766246,
      "expanded_nodes": 3921,
      "final_waypoint_count": 7,
      "goal_index": 2,
      "goal_position": [
        0.8,
        0.7,
        2.0
      ],
      "initial_simplified_points": 7,
      "maximum_actual_speed": 0.505125659085088,
      "maximum_motor_rpm": 11011.046603331826,
      "maximum_reference_acceleration": 0.32567001618415914,
      "maximum_reference_speed": 0.4972861314768378,
      "maximum_tracking_error": 0.02223744010530993,
      "minimum_clearance": 0.19996700724472594,
      "minimum_motor_rpm": 10634.997919365096,
      "raw_path_length": 11.240728493388836,
      "raw_path_length_from_log": 11.240728,
      "raw_path_points": 39,
      "reference_path_length": 10.197121001358479,
      "reference_path_points": 626,
      "refinement_iterations": 0,
      "segment_accept_time": 139.20369100899552,
      "segment_elapsed_time": 32.19272013899172,
      "segment_start_time": 107.0109708700038,
      "selected_duration_scale": 1.1,
      "selected_velocity_scale": 1.0,
      "simplified_path_length": 9.928013312951508,
      "simplified_path_length_from_log": 9.928013,
      "simplified_path_points": 7,
      "trajectory_duration": 31.202,
      "validated_maximum_reference_acceleration": 0.325661,
      "validated_maximum_reference_speed": 0.497288
    }
  ],
  "setpoint_samples": 7095,
  "takeoff_start_time_s": 0.2814247750065988,
  "visited_goals": 3
}
