{
  "acceptance_failures": [],
  "actual_path_points": 1419,
  "actual_point_collision_observed": false,
  "actual_segment_collision_observed": false,
  "collision_observed": false,
  "collision_state_samples": 2837,
  "controller_saturation_count": 0,
  "environment_config": "src/drone_bringup/config/environment.yaml",
  "final_position_error_m": 0.004220957362194024,
  "final_speed_m_s": 0.005363941574085467,
  "goals": [
    [
      13.2,
      5.5,
      1.5,
      0.0
    ],
    [
      7.0,
      5.0,
      4.0,
      0.0
    ],
    [
      0.8,
      0.7,
      2.0,
      0.0
    ]
  ],
  "launch_to_complete_time_s": 139.2040171119952,
  "maximum_actual_speed_m_s": 1.0141091403324056,
  "maximum_motor_peak_difference_rpm": 779.0782015418026,
  "maximum_motor_rpm": 13067.535212862302,
  "maximum_reference_acceleration_m_s2": 0.34405159858503087,
  "maximum_reference_speed_m_s": 0.6331275828227392,
  "maximum_tilt_rad": 0.03920645200115958,
  "maximum_tracking_error_m": 0.02682587945465281,
  "minimum_clearance_m": 0.09434264609694054,
  "minimum_motor_rpm": 0.0,
  "mission_complete": true,
  "mission_complete_time_s": 139.2040171119952,
  "mission_config": "src/drone_bringup/config/multi_goal_mission.yaml",
  "mission_success": true,
  "motor_rpm_limit": 20000.0,
  "navigation_execution_time_s": 135.30579040799785,
  "navigation_start_time_s": 3.898226703997352,
  "nominal_speed_m_s": 0.35,
  "nonfinite_observed": false,
  "observed_goal_indices": [
    0,
    1,
    2
  ],
  "observed_visited_counts": [
    0,
    1,
    2,
    3
  ],
  "odom_samples": 28380,
  "passed": true,
  "post_complete_maximum_motor_rpm": 10824.726019430762,
  "post_complete_minimum_motor_rpm": 10813.730146209236,
  "ros_domain_id": 114,
  "rpm_samples": 14189,
  "runtime_error": null,
  "segments": [
    {
      "acceptance_position_error": 0.00999582802628799,
      "acceptance_speed": 0.005464372178974325,
      "expanded_nodes": 15575,
      "final_waypoint_count": 18,
      "goal_index": 0,
      "goal_position": [
        13.2,
        5.5,
        1.5
      ],
      "initial_simplified_points": 9,
      "maximum_actual_speed": 0.5575725391146428,
      "maximum_motor_rpm": 11201.607110326027,
      "maximum_reference_acceleration": 0.3435993399925644,
      "maximum_reference_speed": 0.5524879357273016,
      "maximum_tracking_error": 0.022000330215255028,
      "minimum_clearance": 0.09434264609694054,
      "minimum_motor_rpm": 10422.528908784225,
      "raw_path_length": 20.953597405778453,
      "raw_path_length_from_log": 20.953597,
      "raw_path_points": 72,
      "reference_path_length": 20.60558421632077,
      "reference_path_points": 1257,
      "refinement_iterations": 3,
      "segment_accept_time": 67.65220849899924,
      "segment_elapsed_time": 63.75398179500189,
      "segment_start_time": 3.898226703997352,
      "selected_duration_scale": 1.0,
      "selected_velocity_scale": 1.0,
      "simplified_path_length": 20.176335162357002,
      "simplified_path_length_from_log": 20.176335,
      "simplified_path_points": 18,
      "trajectory_duration": 62.754,
      "validated_maximum_reference_acceleration": 0.343598,
      "validated_maximum_reference_speed": 0.552488
    },
    {
      "acceptance_position_error": 0.011459103948083076,
      "acceptance_speed": 0.003436370716541659,
      "expanded_nodes": 7448,
      "final_waypoint_count": 5,
      "goal_index": 1,
      "goal_position": [
        7.0,
        5.0,
        4.0
      ],
      "initial_simplified_points": 5,
      "maximum_actual_speed": 0.6341514047746305,
      "maximum_motor_rpm": 10905.355953170067,
      "maximum_reference_acceleration": 0.34405159858503087,
      "maximum_reference_speed": 0.6331275828227392,
      "maximum_tracking_error": 0.02682587945465281,
      "minimum_clearance": 0.1391486509783792,
      "minimum_motor_rpm": 10730.926417355558,
      "raw_path_length": 14.963290832976048,
      "raw_path_length_from_log": 14.963291,
      "raw_path_points": 54,
      "reference_path_length": 13.474114107747315,
      "reference_path_points": 767,
      "refinement_iterations": 0,
      "segment_accept_time": 107.01146071199764,
      "segment_elapsed_time": 39.30896912499884,
      "segment_start_time": 67.7024915869988,
      "selected_duration_scale": 1.0,
      "selected_velocity_scale": 0.25,
      "simplified_path_length": 13.403362230689348,
      "simplified_path_length_from_log": 13.403362,
      "simplified_path_points": 5,
      "trajectory_duration": 38.295,
      "validated_maximum_reference_acceleration": 0.344052,
      "validated_maximum_reference_speed": 0.633128
    },
    {
      "acceptance_position_error": 0.013300994827241461,
      "acceptance_speed": 0.004065454690819737,
      "expanded_nodes": 3921,
      "final_waypoint_count": 7,
      "goal_index": 2,
      "goal_position": [
        0.8,
        0.7,
        2.0
      ],
      "initial_simplified_points": 7,
      "maximum_actual_speed": 0.5051446268861643,
      "maximum_motor_rpm": 11012.725634276176,
      "maximum_reference_acceleration": 0.3256757245969133,
      "maximum_reference_speed": 0.49728387608608887,
      "maximum_tracking_error": 0.02616832900327531,
      "minimum_clearance": 0.2037603276366624,
      "minimum_motor_rpm": 10633.424969939018,
      "raw_path_length": 11.241978690683741,
      "raw_path_length_from_log": 11.241979,
      "raw_path_points": 39,
      "reference_path_length": 10.195935002987238,
      "reference_path_points": 625,
      "refinement_iterations": 0,
      "segment_accept_time": 139.20399601700046,
      "segment_elapsed_time": 32.19163516800472,
      "segment_start_time": 107.01236084899574,
      "selected_duration_scale": 1.1,
      "selected_velocity_scale": 1.0,
      "simplified_path_length": 9.926822035102655,
      "simplified_path_length_from_log": 9.926822,
      "simplified_path_points": 7,
      "trajectory_duration": 31.199,
      "validated_maximum_reference_acceleration": 0.325675,
      "validated_maximum_reference_speed": 0.497285
    }
  ],
  "setpoint_samples": 7094,
  "takeoff_start_time_s": 0.2894829539945931,
  "visited_goals": 3
}
