{
  "kind": "disturbance_persistent",
  "completed": true,
  "rise_time_s": null,
  "overshoot_m": null,
  "settling_time_s": 18.1703683789965,
  "maximum_horizontal_offset_m": 0.745109410717462,
  "final_error_m": 0.008480972280120772,
  "final_speed_m_s": 0.0055376123538381635,
  "maximum_tilt_rad": 0.035405160751217156,
  "maximum_rpm": 10856.158580719672,
  "maximum_horizontal_acceleration_request_m_s2": 0.34733283414441696,
  "saturation_counts": {
    "horizontal": 0,
    "altitude": 0,
    "attitude": 0,
    "mixer": 0
  },
  "diagnostic_samples": 2017,
  "state_samples": 4034
}
