{
  "kind": "horizontal_step",
  "completed": true,
  "rise_time_s": 4.884958332004317,
  "overshoot_m": 0.0,
  "settling_time_s": 8.984377285996743,
  "maximum_horizontal_offset_m": 1.9915392595785406,
  "final_error_m": 0.008460740421778057,
  "final_speed_m_s": 0.005475284251952864,
  "maximum_tilt_rad": 0.10565853652421374,
  "maximum_rpm": 12016.842600037013,
  "maximum_horizontal_acceleration_request_m_s2": 0.8,
  "saturation_counts": {
    "horizontal": 0,
    "altitude": 0,
    "attitude": 0,
    "mixer": 0
  },
  "diagnostic_samples": 1099,
  "state_samples": 2197
}
