{
  "kind": "disturbance_0p8",
  "completed": true,
  "rise_time_s": null,
  "overshoot_m": null,
  "settling_time_s": 11.346588578999217,
  "maximum_horizontal_offset_m": 0.9296497133077807,
  "final_error_m": 0.008794785174668517,
  "final_speed_m_s": 0.0055355892211882505,
  "maximum_tilt_rad": 0.08959995817433891,
  "maximum_rpm": 10932.69036790546,
  "maximum_horizontal_acceleration_request_m_s2": 0.8850723973224245,
  "saturation_counts": {
    "horizontal": 0,
    "altitude": 0,
    "attitude": 0,
    "mixer": 0
  },
  "diagnostic_samples": 1335,
  "state_samples": 2670
}
