{
  "schema_version": 3,
  "experiment": "navigation",
  "scenario_id": "static_avoidance",
  "status": "final",
  "repository_commit": "249ea180ad81236bd8b1c68f1295585230a49964",
  "sample_count": 12444,
  "mission_sample_count": 12215,
  "navigation_phase_start_time_s": 3.6601662635803223,
  "navigation_phase_start_source": "reference_segment",
  "metrics": {
    "final_position_error_m": 0.0038572438761306322,
    "final_speed_m_s": 0.005726653788826878,
    "final_window_mean_error_m": 0.0066465821310156,
    "recorded_targets": [
      {
        "position": [
          13.2,
          5.5,
          1.5
        ],
        "yaw_rad": 0.0
      }
    ],
    "target_snapshot_matches_samples": true,
    "yaw_metrics_status": "available",
    "yaw_sample_count": 11483,
    "final_yaw_error_rad": -2.429255629660408e-07,
    "yaw_error_rms_rad": 0.10390247936479709,
    "maximum_absolute_yaw_error_rad": 0.32788446012787964,
    "arrival_time_s": 56.714476346969604,
    "maximum_overshoot_m": 0.016796168290663886,
    "maximum_overshoot_percent": 0.11681482466908863,
    "steady_state_mean_error_m": 0.010087229607544719,
    "steady_state_rms_error_m": 0.010457121383766976,
    "steady_state_max_error_m": 0.013053646894462506,
    "maximum_goal_position_error_m": 14.378456106272328,
    "full_mission_tracking_max_error_m": 1.5,
    "full_mission_tracking_rms_error_m": 0.17362329503259966,
    "minimum_raw_obstacle_distance_m": 0.40018315437898444,
    "safety_radius_m": 0.25,
    "minimum_safety_clearance_m": 0.15018315437898444,
    "straight_line_distance_m": 14.378456106272328,
    "actual_path_length_m": 22.187320153714964,
    "flight_time_s": 61.06946587562561,
    "planned_segment_count": 1,
    "simplified_segment_count": 1,
    "reference_segment_count": 1,
    "planned_path_length_m": 20.953465138250003,
    "simplified_path_length_m": 20.176328317121026,
    "reference_path_length_m": 20.60879904748736,
    "path_efficiency": 1.0765945217181425,
    "planned_vs_straight_ratio": 1.4572819907353929,
    "actual_vs_reference_ratio": 1.0765945217181425,
    "maximum_absolute_roll_rad": 0.036198581477228195,
    "maximum_absolute_pitch_rad": 0.06242781241004401,
    "maximum_angular_speed_rad_s": 0.7680810704308206,
    "non_finite_attitude_count": 0,
    "attitude_divergence_detected": false,
    "minimum_commanded_motor_rpm": 0.0,
    "maximum_commanded_motor_rpm": 13067.535212862302,
    "minimum_motor_rpm": 0.0,
    "maximum_motor_rpm": 13067.535212862302,
    "motor_rpm_semantics": "commanded_motor_rpm",
    "saturation_sample_source": "diagnostics_callbacks",
    "saturation_sample_count": 0,
    "longest_saturation_duration_s": 0.0,
    "saturated_at_end": false,
    "non_finite_rpm_count": 0,
    "goal_count": 1,
    "visited_goal_count": 1,
    "goal_order": [
      0
    ],
    "goal_activation_times_s": [
      0.0
    ],
    "per_goal_arrival_times_s": [
      58.059473752975464
    ],
    "per_goal_duration_s": [
      58.059473752975464
    ],
    "per_goal_final_errors_m": [
      0.0038572438761306322
    ],
    "segment_overshoots": [
      {
        "goal_index": 0,
        "maximum_overshoot_m": 0.016796168290663886,
        "maximum_overshoot_percent": 0.11681482466908863
      }
    ],
    "mission_complete": true,
    "mission_success": true,
    "total_mission_time_s": 61.06946587562561,
    "takeoff_tracking_sample_count": 723,
    "takeoff_tracking_max_error_m": 1.5,
    "takeoff_tracking_rms_error_m": 0.7123508873242195,
    "navigation_tracking_sample_count": 11483,
    "navigation_tracking_max_error_m": 0.02341960336342933,
    "navigation_tracking_rms_error_m": 0.009646748472578867,
    "navigation_tracking_final_error_m": 0.0038572438761306322,
    "navigation_yaw_tracking_status": "available",
    "navigation_yaw_tracking_sample_count": 11483,
    "navigation_yaw_tracking_final_error_rad": -2.429255629660408e-07,
    "navigation_yaw_tracking_rms_error_rad": 0.10390247936479709,
    "navigation_yaw_tracking_maximum_absolute_error_rad": 0.32788446012787964,
    "collision_observed": false,
    "navigation_complete": true,
    "navigation_success": true,
    "preflight_ready_observed": false,
    "execution_active_observed": true
  },
  "yaw_analysis": {
    "status": "available",
    "reference_field": "reference_yaw",
    "error_definition": "wrap_to_pi(reference_yaw - actual_yaw)",
    "completion_gate_yaw_tolerance_rad": 0.1,
    "completion_gate_source": "interactive_goal_executor.yaml:goal_yaw_tolerance",
    "acceptance_threshold_applied": false
  },
  "assignment_thresholds": {
    "hover_final_position_error_max_m": 0.3
  },
  "project_thresholds": {
    "final_position_error_max_m": 0.1,
    "minimum_safety_clearance_strictly_greater_than_m": 0.0,
    "non_finite_value_count": 0,
    "attitude_divergence_detected": false,
    "saturated_at_end": false
  },
  "legacy_checks": {
    "assignment_hover_error_pass": true,
    "project_final_error_pass": true,
    "finite_attitude_pass": true,
    "finite_rpm_pass": true,
    "attitude_stability_pass": true,
    "rpm_end_saturation_pass": true,
    "navigation_pass": true
  },
  "checks": {
    "stop_reason_not_timeout": {
      "metric_name": "stop_reason_not_timeout",
      "actual_value": "navigation_success_and_steady_window_complete",
      "threshold": "must not start with timeout",
      "passed": true,
      "source": "metadata.json:stop_reason"
    },
    "finite_attitude": {
      "metric_name": "finite_attitude",
      "actual_value": 0,
      "threshold": 0,
      "passed": true,
      "source": "samples.csv:roll,pitch,yaw"
    },
    "finite_commanded_rpm": {
      "metric_name": "finite_commanded_rpm",
      "actual_value": 0,
      "threshold": 0,
      "passed": true,
      "source": "samples.csv:commanded_motor_rpm / legacy m*_rpm"
    },
    "no_attitude_divergence": {
      "metric_name": "no_attitude_divergence",
      "actual_value": false,
      "threshold": false,
      "passed": true,
      "source": "analyzer:attitude duration"
    },
    "not_saturated_at_end": {
      "metric_name": "not_saturated_at_end",
      "actual_value": false,
      "threshold": false,
      "passed": true,
      "source": "diagnostics.csv:last mission callback / legacy Odom"
    },
    "navigation_complete": {
      "metric_name": "navigation_complete",
      "actual_value": true,
      "threshold": true,
      "passed": true,
      "source": "samples.csv:/drone/multi_goal/complete"
    },
    "navigation_success": {
      "metric_name": "navigation_success",
      "actual_value": true,
      "threshold": true,
      "passed": true,
      "source": "samples.csv:/drone/multi_goal/success"
    },
    "no_collision": {
      "metric_name": "no_collision",
      "actual_value": false,
      "threshold": false,
      "passed": true,
      "source": "samples.csv:/drone/environment/in_collision"
    },
    "navigation_tracking_max_error": {
      "metric_name": "navigation_tracking_max_error",
      "actual_value": 0.02341960336342933,
      "threshold": "< 0.05 m",
      "passed": true,
      "source": "samples.csv:trajectory_setpoint tracking, navigation phase"
    },
    "minimum_safety_clearance": {
      "metric_name": "minimum_safety_clearance",
      "actual_value": 0.15018315437898444,
      "threshold": ">= 0.085 m",
      "passed": true,
      "source": "samples.csv:AABB distance - safety radius"
    },
    "final_position_error": {
      "metric_name": "final_position_error",
      "actual_value": 0.0038572438761306322,
      "threshold": "< 0.05 m",
      "passed": true,
      "source": "samples.csv:last mission sample"
    },
    "final_speed": {
      "metric_name": "final_speed",
      "actual_value": 0.005726653788826878,
      "threshold": "< 0.03 m/s",
      "passed": true,
      "source": "samples.csv:last mission sample"
    },
    "zero_rpm_saturation_samples": {
      "metric_name": "zero_rpm_saturation_samples",
      "actual_value": 0,