{
  "scenario": "short",
  "force_n": 0.3,
  "parameters": {
    "enabled": false,
    "ki": 0.0,
    "kaw": 1.0,
    "limit_m_s2": 0.35,
    "capture_radius_m": 0.5,
    "reset_distance_m": 1.0
  },
  "dynamics_mass_kg": 1.0,
  "maximum_horizontal_offset_m": 0.34862495025956364,
  "recovery_time_s": 5.725052303001576,
  "reverse_overshoot_m": 0.0,
  "final_position_error_m": 0.00406757277728159,
  "final_horizontal_error_m": 0.004067572777264603,
  "final_speed_m_s": 0.002540166017023159,
  "final_altitude_m": 1.500000011755681,
  "last_3s_average_error_m": 0.01153448098352146,
  "last_3s_maximum_error_m": 0.024521652382427175,
  "last_3s_average_speed_m_s": 0.006830000506247201,
  "last_3s_average_integral_x_m_s2": 0.0,
  "peak_integral_acceleration_m_s2": 0.0,
  "maximum_tilt_rad": 0.03368041144181015,
  "maximum_rpm": 10856.840441614828,
  "saturation_counts": {
    "horizontal": 0,
    "altitude": 0,
    "attitude": 0,
    "mixer": 0
  },
  "anti_windup_samples": 0,
  "integral_reset_samples": 0,
  "sample_count": 2602,
  "error": null
}
