{
  "kind": "horizontal_step",
  "completed": true,
  "rise_time_s": 6.084988726004667,
  "overshoot_m": 0.0,
  "settling_time_s": 11.805252726000617,
  "maximum_horizontal_offset_m": 1.9863862626980053,
  "final_error_m": 0.013613737302170312,
  "final_speed_m_s": 0.005378379479608782,
  "maximum_tilt_rad": 0.11147441393170782,
  "maximum_rpm": 12017.19139041905,
  "maximum_horizontal_acceleration_request_m_s2": 0.8,
  "saturation_counts": {
    "horizontal": 0,
    "altitude": 0,
    "attitude": 0,
    "mixer": 0
  },
  "diagnostic_samples": 1381,
  "state_samples": 2761
}
